,index,ISBN,Title,Author,Year,Publisher



0,1,0195153448,Classical Mythology,Mark P. O. Morford,2002,Oxford University Press



1,2,0002005018,Clara Callan,Richard Bruce Wright,2001,HarperFlamingo Canada



2,3,0060973129,Decision in Normandy,Carlo D'Este,1991,HarperPerennial



3,4,0374157065,Flu: The Story of the Great Influenza Pandemic of 1918 and the Search for the Virus That Caused It,Gina Bari Kolata,1999,Farrar Straus Giroux



4,5,0393045218,The Mummies of Urumchi,E. J. W. Barber,1999,W. W. Norton & Company



5,6,0399135782,The Kitchen God's Wife,Amy Tan,1991,Putnam Pub Group



6,7,0425176428,What If?: The World's Foremost Military Historians Imagine What Might Have Been,Robert Cowley,2000,Berkley Publishing Group



7,8,0671870432,PLEADING GUILTY,Scott Turow,1993,Audioworks



8,9,0679425608,Under the Black Flag: The Romance and the Reality of Life Among the Pirates,David Cordingly,1996,Random House



9,10,074322678X,Where You'll Find Me: And Other Stories,Ann Beattie,2002,Scribner



10,11,0771074670,Nights Below Station Street,David Adams Richards,1988,Emblem Editions



11,12,080652121X,Hitler's Secret Bankers: The Myth of Swiss Neutrality During the Holocaust,Adam Lebor,2000,Citadel Press



12,13,0887841740,The Middle Stories,Sheila Heti,2004,House of Anansi Press



13,14,1552041778,Jane Doe,R. J. Kaiser,1999,Mira Books



14,15,1558746218,A Second Chicken Soup for the Woman's Soul (Chicken Soup for the Soul Series),Jack Canfield,1998,Health Communications



15,16,1567407781,The Witchfinder (Amos Walker Mystery Series),Loren D. Estleman,1998,Brilliance Audio - Trade



16,17,1575663937,More Cunning Than Man: A Social History of Rats and Man,Robert Hendrickson,1999,Kensington Publishing Corp.



17,18,1881320189,Goodbye to the Buttermilk Sky,Julia Oliver,1994,River City Pub



18,19,0440234743,The Testament,John Grisham,1999,Dell



19,20,0452264464,Beloved (Plume Contemporary Fiction),Toni Morrison,1994,Plume



20,21,0609804618,Our Dumb Century: The Onion Presents 100 Years of Headlines from America's Finest News Source,The Onion,1999,Three Rivers Press



21,22,1841721522,New Vegetarian: Bold and Beautiful Recipes for Every Occasion,Celia Brooks Brown,2001,Ryland Peters & Small Ltd



22,23,1879384493,If I'd Known Then What I Know Now: Why Not Learn from the Mistakes of Others? : You Can't Afford to Make Them All Yourself,J. R. Parrish,2003,Cypress House



23,24,0061076031,Mary-Kate & Ashley Switching Goals (Mary-Kate and Ashley Starring in),Mary-Kate &amp; Ashley Olsen,2000,HarperEntertainment



24,25,0439095026,Tell Me This Isn't Happening,Robynn Clairday,1999,Scholastic



25,26,0689821166,Flood : Mississippi 1927,Kathleen Duey,1998,Aladdin



26,27,0971880107,Wild Animus,Rich Shapero,2004,Too Far



27,28,0345402871,Airframe,Michael Crichton,1997,Ballantine Books



28,29,0345417623,Timeline,MICHAEL CRICHTON,2000,Ballantine Books



29,30,0684823802,OUT OF THE SILENT PLANET,C.S. Lewis,1996,Scribner



30,31,0375759778,Prague : A Novel,ARTHUR PHILLIPS,2003,Random House Trade Paperbacks



31,32,0425163091,Chocolate Jesus,Stephan Jaramillo,1998,Berkley Publishing Group



32,33,3404921038,Wie Barney es sieht.,Mordecai Richler,2002,LÃ?ÃÂ¼bbe



33,34,3442353866,Der Fluch der Kaiserin. Ein Richter- Di- Roman.,Eleanor Cooney,2001,Goldmann



34,35,3442410665,Sturmzeit. Roman.,Charlotte Link,1991,Goldmann



35,36,3442446937,Tage der Unschuld.,Richard North Patterson,2000,Goldmann



36,37,0375406328,Lying Awake,Mark Salzman,2000,Alfred A. Knopf



37,38,0446310786,To Kill a Mockingbird,Harper Lee,1988,Little Brown & Company



38,39,0449005615,Seabiscuit: An American Legend,LAURA HILLENBRAND,2002,Ballantine Books



39,40,0060168013,Pigs in Heaven,Barbara Kingsolver,1993,Harpercollins



40,41,038078243X,Miss Zukas and the Raven's Dance,Jo Dereske,1996,Avon



41,42,055321215X,Pride and Prejudice,Jane Austen,1983,Bantam



42,43,067176537X,The Therapeutic Touch: How to Use Your Hands to Help or to Heal,Dolores Krieger,1979,Fireside



43,44,0061099686,Downtown,Anne Rivers Siddons,1995,HarperTorch



44,45,0553582909,Icebound,Dean R. Koontz,2000,Bantam Books



45,46,0671888587,I'll Be Seeing You,Mary Higgins Clark,1994,Pocket



46,47,0553582747,From the Corner of His Eye,Dean Koontz,2001,Bantam Books



47,48,0425182908,Isle of Dogs,Patricia Cornwell,2002,Berkley Publishing Group



48,49,042518630X,Purity in Death,J.D. Robb,2002,Berkley Publishing Group



49,50,0440223571,This Year It Will Be Different: And Other Stories,Maeve Binchy,1997,Dell



50,51,0812523873,Proxies,Laura J. Mixon,1999,Tor Books



51,52,0842342702,Left Behind: A Novel of the Earth's Last Days (Left Behind #1),Tim Lahaye,2000,Tyndale House Publishers



52,53,0440225701,The Street Lawyer,JOHN GRISHAM,1999,Dell



53,54,0060914068,"Love, Medicine and Miracles",M.D. Bernie S. Siegel,1988,HarperCollins Publishers



54,55,0156047624,All the King's Men,Robert Penn Warren,1982,Harvest Books



55,56,0245542957,Pacific Northwest,Hans Johannes Hoefer,1985,Chambers Harrap Publishers Ltd



56,57,0380715899,A Soldier of the Great War,Mark Helprin,1992,Avon Books



57,58,0553280333,Getting Well Again,O. Carol Simonton Md,1992,Bantam



58,59,0961769947,Northwest Wines and Wineries,Chuck Hill,1993,Speed Graphics



59,60,0964778319,An Atmosphere of Eternity: Stories of India,David Iglehart,2002,Sunflower Press



60,61,0671623249,LONESOME DOVE,Larry McMurtry,1986,Pocket



61,62,0679810307,Shabanu: Daughter of the Wind (Border Trilogy),SUZANNE FISHER STAPLES,1991,Laurel Leaf



62,63,0679865691,Haveli (Laurel Leaf Books),SUZANNE FISHER STAPLES,1995,Laurel Leaf



63,64,2070423204,Lieux dits,Michel Tournier,2002,Gallimard



64,65,0345260317,The Dragons of Eden: Speculations on the Evolution of Human Intelligence,Carl Sagan,1978,Ballantine Books



65,66,0394743741,The yawning heights,Aleksandr Zinoviev,1980,Random House



66,67,042511774X,Breathing Lessons,Anne Tyler,1994,Berkley Publishing Group



67,68,0804106304,The Joy Luck Club,Amy Tan,1994,Prentice Hall (K-12)



68,69,1853262404,Heart of Darkness (Wordsworth Collection),Joseph Conrad,1998,NTC/Contemporary Publishing Company



69,70,0312970242,The Angel Is Near,Deepak Chopra,2000,St. Martin's Press



70,71,1853260053,Tess of the D'Urbervilles (Wordsworth Classics),Thomas Hardy,1997,NTC/Contemporary Publishing Company



71,72,1414035004,The Adventures of Drew and Ellie: The Magical Dress,Charles Noland,2003,1stBooks Library



72,73,0060938412,The Accidental Virgin,Valerie Frankel,2003,Avon Trade



73,74,0140067477,The Tao of Pooh,Benjamin Hoff,1983,Penguin Books



74,75,0345465083,Seabiscuit,LAURA HILLENBRAND,2003,Ballantine Books



75,76,0451625889,The Prince,Niccolo Machiavelli,1952,Signet Book



76,77,1558531025,Life's Little Instruction Book (Life's Little Instruction Books (Paperback)),H. Jackson Brown,1991,Thomas Nelson



77,78,0441783589,Starship Troopers,Robert A. Heinlein,1987,Ace Books



78,79,0394895894,"The Ruby in the Smoke (Sally Lockhart Trilogy, Book 1)",PHILIP PULLMAN,1988,Laurel Leaf



79,80,1569871213,Black Beauty (Illustrated Classics),Anna Sewell,1995,Landoll



80,81,0375410538,Anil's Ghost,MICHAEL ONDAATJE,2000,Knopf



81,82,0966986105,Prescription for Terror,Sandra Levy Ceren,1999,Andrew Scott Publishers



82,83,087113375X,Modern Manners: An Etiquette Book for Rude People,P.J. O'Rourke,1990,Atlantic Monthly Press



83,84,0340767936,Turning Thirty,Mike Gayle,2000,Hodder & Stoughton General Division



84,85,0743403843,Decipher,Stel Pavlou,2002,Simon & Schuster (Trade Division)



85,86,0060930365,"My First Cousin Once Removed: Money, Madness, and the Family of Robert Lowell",Sarah Payne Stuart,1999,Perennial



86,87,0060177586,Standing Firm: A Vice-Presidential Memoir,Dan Quayle,1994,Harpercollins



87,88,0071416331,Team Bush : Leadership Lessons from the Bush White House,Donald F. Kettl,2003,McGraw-Hill



88,89,0375509038,The Right Man : The Surprise Presidency of George W. Bush,DAVID FRUM,2003,Random House



89,90,0553062042,Daybreakers Louis Lamour Collection,Louis Lamour,1981,Bantam Doubleday Dell



90,91,0316769487,The Catcher in the Rye,J.D. Salinger,1991,"Little, Brown"



91,92,8445071408,El Senor De Los Anillos: LA Comunidad Del Anillo (Lord of the Rings (Spanish)),J. R. R. Tolkien,2001,Minotauro



92,93,8445071769,El Senor De Los Anillos: Las DOS Torres (Lord of the Rings (Paperback)),J. R. R. Tolkien,2001,Minotauro



93,94,8445071777,"El Senor De Los Anillos: El Retorno Del Rey (Tolkien, J. R. R. Lord of the Rings. 3.)",J. R. R. Tolkien,2001,Distribooks



94,95,0679429220,Midnight in the Garden of Good and Evil: A Savannah Story,John Berendt,1994,Random House



95,96,0671867156,Pretend You Don't See Her,Mary Higgins Clark,1998,Pocket



96,97,0312252617,Fast Women,Jennifer Crusie,2001,St. Martin's Press



97,98,0312261594,Female Intelligence,Jane Heller,2001,St. Martin's Press



98,99,0316748641,Pasquale's Nose: Idle Days in an Italian Town,Michael Rips,2002,Back Bay Books



99,100,0316973742,The Gospel of Judas: A Novel,Simon Mawer,2002,Back Bay Books



100,101,0385235941,"Prize Stories, 1987: The O'Henry Awards",William Abrahams,1987,Doubleday Books



101,102,0446677450,"Rich Dad, Poor Dad: What the Rich Teach Their Kids About Money--That the Poor and Middle Class Do Not!",Robert T. Kiyosaki,2000,Warner Books



102,103,0451166892,The Pillars of the Earth,Ken Follett,1996,Signet Book



103,104,0553347594,McDonald's: Behind the Arches,John F. Love,1995,Bantam



104,105,0671621009,Creating Wealth : Retire in Ten Years Using Allen's Seven Principles of Wealth!,Robert G. Allen,1986,Fireside



105,106,067976397X,Corelli's Mandolin : A Novel,LOUIS DE BERNIERES,1995,Vintage



106,107,0684822733,"Love, Miracles, and Animal Healing : A heartwarming look at the spiritual bond between animals and humans",Pam Proctor,1996,Fireside



107,108,0786868716,The Five People You Meet in Heaven,Mitch Albom,2003,Hyperion



108,109,8472238822,Tu Nombre Escrito En El Agua (La Sonrisa Vertical),Irene Gonzalez Frei,2002,Tusquets



109,110,0671864769,Relics (Star Trek: The Next Generation),Michael Jan Friedman,1992,Star Trek



110,111,0671521519,Bless The Beasts And Children : Bless The Beasts And Children,Glendon Swarthout,1995,Pocket



111,112,0440222303,"The Touch of Your Shadow, the Whisper of Your Name (Babylon 5, Book 5)",Neal Barrett Jr.,1996,Dell



112,113,0312953453,Blood Oath,David Morrell,1994,St. Martin's Press



113,114,0446608653,The Alibi,Sandra Brown,2000,Warner Books



114,115,0446612545,The Beach House,James Patterson,2003,Warner Books



115,116,0446612618,A Kiss Remembered,Sandra Brown,2003,Warner Books



116,117,0451208080,The Short Forever,Stuart Woods,2003,Signet Book



117,118,0553584383,Dead Aim,IRIS JOHANSEN,2004,Bantam Books



118,119,0671027360,Angels & Demons,Dan Brown,2001,Pocket Star



119,120,0812575954,The Deal,Joe Hutsko,2000,Tor Books (Mm)



120,121,0316735736,All He Ever Wanted: A Novel,Anita Shreve,2004,Back Bay Books



121,122,0743439740,"Every Breath You Take : A True Story of Obsession, Revenge, and Murder",Ann Rule,2002,Pocket



122,123,0345372700,"If I Ever Get Back to Georgia, I'm Gonna Nail My Feet to the Ground",LEWIS GRIZZARD,1991,Ballantine Books



123,124,0380619458,The Mosquito Coast,Paul Theroux,1990,Harper Mass Market Paperbacks (Mm)



124,125,0446325805,"If Love Were Oil, I'd Be About a Quart Low",Lewis Grizzard,1994,Warner Books (Mm)



125,126,0451406923,"Goodbye, My Little Ones: The True Story of a Murderous Mother and Five Innocent Victims",Charles Hickey,1996,Onyx Books



126,127,0671042858,The Girl Who Loved Tom Gordon,Stephen King,2000,Pocket



127,128,0743249992,Bringing Down the House: The Inside Story of Six M.I.T. Students Who Took Vegas for Millions,Ben Mezrich,2003,Free Press



128,129,0840734530,"The Oneprince (The Redaemian Chronicles, Book 1)",Bill Hand,1992,Thomas Nelson Inc



129,130,0425184226,The Sum of All Fears,Tom Clancy,2002,Berkley Publishing Group



130,131,0375500766,Care Packages : Letters to Christopher Reeve from Strangers and Other Friends,DANA REEVE,1999,Random House



131,132,9724119378,O Deus Das Pequenas Coisas,Roy,1998,Edicoes Asa



132,133,0451205197,Lady in Green/Minor Indiscretions (Signet Regency Romance),Barbara Metzger,2002,Signet Book



133,134,0060929790,One Hundred Years of Solitude,Gabriel Garcia Marquez,1998,Perennial



134,135,0060976845,Little Altars Everywhere: A Novel,Rebecca Wells,1996,Perennial



135,136,0061099325,Coyote Waits (Joe Leaphorn/Jim Chee Novels),Tony Hillerman,1992,HarperTorch



136,137,0671004573,Before I Say Good-Bye,Mary Higgins Clark,2001,Pocket



137,138,0446601640,Slow Waltz in Cedar Bend,Robert James Waller,1994,Warner Books



138,139,0330484516,Twenty Minute Retreats: Revive Your Spirits in Just Minutes a Day (A Pan Self-discovery Title),Rachel Harris,2001,Pan Macmillan



139,140,038572179X,Atonement : A Novel,IAN MCEWAN,2003,Anchor



140,141,0393020371,Next: The Future Just Happened,Michael Lewis,2001,W.W. Norton & Company



141,142,1900850303,The Angelic Darkness,Richard Zimler,1999,Arcadia Books



142,143,1903019699,The Soulbane Stratagem,Norman Jetmundsen,2000,"John Hunt Publishing, Ltd."



143,144,0345425294,Gangster,Lorenzo Carcaterra,2002,Fawcett Books



144,145,0451410319,Hush,Anne Frasier,2002,Onyx Books



145,146,0553583468,"Whisper of Evil (Hooper, Kay. Evil Trilogy.)",Kay Hooper,2002,Bantam Books



146,147,8420639133,Temor y Temblor,Soren Kierkegaard,2001,Alianza



147,148,8476409419,Estudios sobre el amor,Jose Ortega Y Gaset,2001,Downtown Book Center



148,149,0380778556,Rebecca,Daphne Du Maurier,1994,Avon



149,150,0451525221,Scarlet Letter,Nathaniel Hawthorne,1993,Signet Book



150,151,0002740230,Keep It Simple: And Get More Out of Life,Nick Page,1999,Trafalgar Square



151,152,0385336772,Diary of a Mad Mom-To-Be,Laura Wolf,2003,Delta



152,153,0440949424,Locked in Time (Laurel Leaf Books),LOIS DUNCAN,1986,Laure Leaf



153,154,0505524996,Contact,Susan Grant,2002,Love Spell



154,155,0140252800,The Brimstone Wedding,Barbara Vine,1997,Penguin Books Ltd



155,156,0451452755,The Catswold Portal,Shirley Rousseau Murphy,1993,Roc



156,157,0812575482,Through Wolf's Eyes (Wolf),Jane Lindskold,2002,Tor Fantasy



157,158,044651747X,Puerto Vallarta Squeeze,Robert James Waller,1995,Warner Books



158,159,0060801263,Tree Grows In Brooklyn,Betty Smith,1988,Harpercollins Publisher



159,160,0061030147,"Cybill Disobedience: How I Survived Beauty Pageants, Elvis, Sex, Bruce Willis, Lies, Marriage, Motherhood, Hollywood, and the Irrepressible Urge to Say What I Think",Cybill Shepherd,2001,Avon Books



160,161,0140250964,Snow Angels,Stewart O'Nan,1995,Penguin Books



161,162,0446527165,Wish You Well,David Baldacci,2000,Warner Books



162,163,0671461494,The Hitchhiker's Guide to the Galaxy,Douglas Adams,1982,Pocket



163,164,0385337639,Crow Lake (Today Show Book Club #7),Mary Lawson,2003,Delta



164,165,039575514X,My Antonia,Willa Cather,1995,Mariner Books



165,166,0451206673,Pen Pals,Olivia Goldsmith,2002,Signet Book



166,167,0330332775,Bridget Jones's Diary,Helen Fielding,1997,Picador (UK)



167,168,0486284735,Pride and Prejudice (Dover Thrift Editions),Jane Austen,1995,Dover Publications



168,169,0671021745,EYE ON CRIME: HARDY BOYS #153,Franklin W. Dixon,1998,Aladdin



169,170,0671047612,Skin And Bones,Franklin W. Dixon,2000,Aladdin



170,171,0671504282,"LAW OF THE JUNGLE (HARDY BOYS CASE FILE 105) : LAW OF THE JUNGLE (Hardy Boys, The)",Franklin W. Dixon,1995,Simon Pulse



171,172,0399138684,The Cat Who Came to Breakfast (Cat Who... (Hardcover)),Lilian Jackson Braun,1994,Putnam Pub Group



172,173,0785263292,"If Singleness Is a Gift, What's the Return Policy?",Holly Virden,2003,Nelson Books



173,174,0830714014,Always Daddy's Girl: Understanding Your Father's Impact on Who You Are,H. Norman Wright,1989,Regal Books



174,175,0345354931,Night Mare (Xanth Novels (Paperback)),Piers Anthony,1990,Del Rey Books



175,176,0553278223,The Martian Chronicles,RAY BRADBURY,1984,Spectra



176,177,3150000335,Kabale Und Liebe,Schiller,0,"Philipp Reclam, Jun Verlag GmbH"



177,178,3257203659,Der illustrierte Mann. ErzÃ?ÃÂ¤hlungen.,Ray Bradbury,2002,Diogenes



178,179,3257207522,Der KÃ?ÃÂ¶nig in Gelb.,Raymond Chandler,1980,Diogenes Verlag



179,180,3257208626,Fahrenheit 451,Ray Bradbury,1994,Distribooks Inc



180,181,3257208634,Die Mars- Chroniken. Roman in ErzÃ?ÃÂ¤hlungen.,Ray Bradbury,1981,Diogenes Verlag



181,182,3257208669,Das BÃ?ÃÂ¶se kommt auf leisen Sohlen.,Ray Bradbury,2003,Diogenes



182,183,3257210450,LÃ?ÃÂ¶wenzahnwein. Roman.,Ray Bradbury,1999,Diogenes Verlag



183,184,3257212054,Das Kind von morgen. ErzÃ?ÃÂ¤hlungen.,Ray Bradbury,2000,Diogenes Verlag



184,185,3257212429,Die Mechanismen der Freude. ErzÃ?ÃÂ¤hlungen.,Ray Bradbury,2000,Diogenes Verlag



185,186,3257214154,Familientreffen. ErzÃ?ÃÂ¤hlungen.,Ray Bradbury,2000,Diogenes Verlag



186,187,3257216416,Der Tod kommt schnell in Mexico. ErzÃ?ÃÂ¤hlungen.,Ray Bradbury,1988,Diogenes Verlag



187,188,3257233051,Veronika Deschliesst Zu Sterben / Vernika Decides to Die,Paolo Coelho,2002,Distribooks



188,189,342311360X,Die Liebe in Den Zelten,Gabriel Garcia Marquez,0,Deutscher Taschenbuch Verlag (DTV)



189,190,3423116714,Die Klone der Joanna May. Roman.,Fay Weldon,1993,Dtv



190,191,3423241489,Ist mein Hintern wirklich so dick? Tagebuch einer empfindsamen Frau.,Arabella Weir,1998,Dtv



191,192,3426605686,Haifischfrauen.,Kiana Davenport,1996,"Droemersche Verlagsanstalt Th. Knaur Nachf., GmbH & Co."



192,193,3453212150,Die Cappuccino- Jahre. Aus dem Tagebuch des Adrian Mole.,Sue Townsend,2002,Heyne



193,194,3462021095,Schwarzer Tee mit drei StÃÂ¼ck Zucker,Renan Demirkan,1991,Kiepenheuer & Witsch



194,195,3492045642,QuerschÃ?ÃÂ¼sse - Downsize This!,Michael Moore,2003,Piper



195,196,3498020862,Die Korrekturen.,Jonathan Franzen,2002,"Rowohlt, Reinbek"



196,197,3499110695,Neun ErzÃ?ÃÂ¤hlungen.,Jerome D. Salinger,1968,Rowohlt Tb.



197,198,3499151502,"Hebt den Dachbalken hoch, Zimmerleute / Seymour wird vorgestellt.",Jerome D. Salinger,1998,Rowohlt Tb.



198,199,3518111000,"Ulysses (Ã?Ã?bersetzg. WollschlÃ?ÃÂ¤ger). ( Neue Folge, 100).",James Joyce,1981,Suhrkamp



199,200,3548254268,Eine ganz normale AffÃ?ÃÂ¤re.,Joanna Trollope,2002,Ullstein Tb



200,201,3570300099,"Das Intimleben des Adrian Mole, 13 3/4 Jahre. cbt. ( Ab 14 J.).",Sue Townsend,2002,"Bertelsmann, MÃ?ÃÂ¼nchen"



201,202,3596292646,Das Buch der lÃ?ÃÂ¤cherlichen Liebe.,Milan Kundera,2000,"Fischer (Tb.), Frankfurt"



202,203,0060977493,The God of Small Things,Arundhati Roy,1998,Perennial



203,204,0312872682,The James Dean Affair: A Neil Gulliver & Stevie Marriner Novel,Robert S. Levinson,2000,St Martins Pr



204,205,0316602906,The Big Bad Wolf: A Novel,James Patterson,2003,"Little, Brown"



205,206,0316693006,Four Blind Mice,James Patterson,2002,"Little, Brown"



206,207,0345311396,Private Screening,Richard North Patterson,1994,Ballantine Books



207,208,0345378490,Congo,Michael Crichton,1995,Ballantine Books



208,209,0345404793,Protect and Defend,Richard North Patterson,2001,Ballantine Books



209,210,0345433173,The Tall Pine Polka,Lorna Landvik,1999,Ballantine Books



210,211,0375400117,Memoirs of a Geisha,Arthur Golden,1997,Alfred A. Knopf



211,212,0375705856,Plainsong (Vintage Contemporaries),KENT HARUF,2000,Vintage



212,213,0380717018,Body of Evidence (Kay Scarpetta Mysteries (Paperback)),Patricia D. Cornwell,1992,Avon



213,214,0380718332,All That Remains (Kay Scarpetta Mysteries (Paperback)),Patricia D. Cornwell,1993,Avon



214,215,0380754509,The Case of the Lost Look-Alike (An Avon Camelot Book),Carol J. Farley,1988,Avon Books



215,216,038076654X,Petals on the River,Kathleen E. Woodiwiss,1997,Avon Trade



216,217,0380807866,The Elusive Flame,Kathleen E. Woodiwiss,1999,Avon



217,218,0385316895,Legacy of Silence,Belva Plain,1998,Bantam Dell Pub Group



218,219,0385497466,The Brethren,JOHN GRISHAM,2000,Doubleday



219,220,0385508042,The King of Torts,John Grisham,2003,Doubleday Books



220,221,0385509456,The Curious Incident of the Dog in the Night-Time : A Novel,MARK HADDON,2003,Doubleday



221,222,0385511612,Bleachers,John Grisham,2003,Doubleday



222,223,0385730586,Sisterhood of the Traveling Pants,ANN BRASHARES,2003,Delacorte Books for Young Readers



223,224,0425164403,Only Love (Magical Love),Erich Segal,1998,Berkley Publishing Group



224,225,0440234964,All or Nothing (Wheeler Large Print Books),Elizabeth Adler,2000,Island



225,226,0446605484,Roses Are Red (Alex Cross Novels),James Patterson,2001,Warner Vision



226,227,0446610399,The Rescue,Nicholas Sparks,2001,Warner Books



227,228,0449006522,Manhattan Hunt Club,JOHN SAUL,2002,Ballantine Books



228,229,0449911004,Patty Jane's House of Curl (Ballantine Reader's Circle),LORNA LANDVIK,1996,Ballantine Books



229,230,0451162072,Pet Sematary,Stephen King,1994,Signet Book



230,231,0451186648,Silent Snow,Steve Thayer,2000,Signet Book



231,232,0452282152,Girl with a Pearl Earring,Tracy Chevalier,2001,Plume Books



232,233,051513290X,Summer of Storms,Judith Kelman,2002,Jove Books



233,234,0553580388,The Patient,Michael Palmer,2001,Bantam Books



234,235,0590598848,"Demona's Revenge (Gargoyles, No. 2)",Francine Hughes,1995,Scholastic



235,236,0590629719,Clifford's Sports Day,Norman Bridwell,1996,Scholastic



236,237,0671023616,Postmortem (Kay Scarpetta Mysteries (Paperback)),Patricia Cornwell,1998,Pocket



237,238,0671027387,Deception Point,Dan Brown,2002,Pocket



238,239,0684848783,Tis : A Memoir,Frank McCourt,1999,Scribner



239,240,0743486226,Angels & Demons,Dan Brown,2003,Atria



240,241,0786863986,A Monk Swimming,Malachy McCourt,1998,Hyperion



241,242,0803251718,Crazy Horse,Mari Sandoz,1961,University of Nebraska Press



242,243,0804117934,The Silent Cry (William Monk Novels (Paperback)),Anne Perry,1998,Ivy Books



243,244,140003180X,The Kalahari Typing School for Men (No. 1 Ladies' Detective Agency),ALEXANDER MCCALL SMITH,2004,Anchor



244,245,155874262X,Chicken Soup for the Soul (Chicken Soup for the Soul),Jack Canfield,1993,Health Communications



245,246,0060987103,Wicked: The Life and Times of the Wicked Witch of the West,Gregory Maguire,1996,Regan Books



246,247,0151008116,Life of Pi,Yann Martel,2002,Harcourt



247,248,0375704965,A Judgement in Stone,Ruth Rendell,2000,Vintage Books USA



248,249,0525947647,Lies and the Lying Liars Who Tell Them: A Fair and Balanced Look at the Right,Al Franken,2003,Dutton Books



249,250,0804111359,Secret History,DONNA TARTT,1993,Ballantine Books



250,251,1558744150,Chicken Soup for the Woman's Soul (Chicken Soup for the Soul Series (Paper)),Jack Canfield,1996,Health Communications



251,252,0435272683,Great Expectations (Heinemann Guided Readers),John Milne,1995,Delta Systems



252,253,0316782505,The Weight of Water,Anita Shreve,2001,"Little, Brown"



253,254,006102063X,Moving Pictures (Discworld Novels (Paperback)),Terry Pratchett,2002,HarperTorch



254,255,0060013117,Night Watch,Terry Pratchett,2002,HarperCollins



255,256,0060199563,Thief of Time,Terry Pratchett,2001,HarperCollins Publishers



256,257,006052779X,Charlotte's Web Book and Charm (Charming Classics),E. B. White,2003,HarperFestival



257,258,0060563079,Peter Pan: The Original Story (Peter Pan),J. M. Barrie,2003,HarperFestival



258,259,0060809027,My Friend Flicka,Mary O'Hara,1988,Perennial



259,260,0061040967,The Last Hero : A Discworld Fable (Discworld Novels (Hardcover)),Terry Pratchett,2001,HarperCollins



260,261,0061050474,Jingo: A Discworld Novel (Discworld Series/Terry Pratchett),Terry Pratchett,1998,HarperPrism



261,262,0061052515,"Maskerade: A Novel of Discworld (Pratchett, Terry. Discworld Series (New York, N.Y.).)",Terry Pratchett,1997,HarperPrism



262,263,0061052523,Interesting Times: A Novel of Discworld,Terry Pratchett,1997,Harpercollins



263,264,0064472264,"On the Bright Side, I'm Now the Girlfriend of a Sex God: Further Confessions of Georgia Nicolson",Louise Rennison,2002,HarperTempest



264,265,0140620664,Mansfield Park (Penguin Popular Classics),Jane Austen,1994,Penguin Books Ltd



265,266,0312148267,The Wind in the Willows,Kenneth Grahame,1996,St. Martin's Press



266,267,0312156960,The Winter King: A Novel of Arthur (The Warlord Chronicles: I),Bernard Cornwell,1997,St. Martin's Griffin



267,268,0312890044,Moonheart (Newford),Charles de Lint,1994,Orb Books



268,269,034543191X,The King of Elfland's Daughter (Del Rey Impact),Edward John Moreton Drax Plunkett Dunsany,1999,Del Rey Books



269,270,0373836023,Powder and Patch,Georgette Heyer,2004,Harlequin



270,271,0375751513,The Picture of Dorian Gray (Modern Library (Paperback)),OSCAR WILDE,1998,Modern Library



271,272,0375801677,The Iron Giant,Ted Hughes,1999,Knopf Books for Young Readers



272,273,0375814248,James and the Giant Peach,ROALD DAHL,2002,Knopf Books for Young Readers



273,274,0375823352,"The Amber Spyglass (His Dark Materials, Book 3)",PHILIP PULLMAN,2002,Knopf Books for Young Readers



274,275,037582345X,"The Golden Compass (His Dark Materials, Book 1)",PHILIP PULLMAN,2002,Knopf Books for Young Readers



275,276,0375823468,"The Subtle Knife (His Dark Materials, Book 2)",PHILIP PULLMAN,2002,Knopf Books for Young Readers



276,277,0380730448,"The Adrian Mole Diaries : The Secret Diary of Adrian Mole, Aged 13 3/4 : The Growing Pains of Adrian Mole",Sue Townsend,1997,Perennial



277,278,0380973839,Martian Chronicles,Ray Bradbury,1997,William Morrow



278,279,0385327773,The Great God Pan,Donna Jo Napoli,2003,Wendy Lamb Books



279,280,0394586239,Possession: A Romance,A. S. Byatt,1990,Random House Inc



280,281,0439510112,Born Confused,Tanuja Desai Hidier,2003,Push



281,282,0440241413,Confessions of a Shopaholic,SOPHIE KINSELLA,2003,Dell



282,283,0451409256,Making Minty Malone,Isabel Wolff,2000,Onyx Books



283,284,0451523415,Little Women (Signet Classic),Louisa May Alcott,1988,Signet Classics



284,285,0451526279,Emma (Signet Classics (Paperback)),Jane Austen,1996,Signet Classics



285,286,0451526341,Animal Farm,George Orwell,2004,Signet



286,287,0486415864,Great Expectations (Dover Thrift Editions),Charles Dickens,2001,Dover Publications



287,288,0553280589,Eva Luna,Isabel Allende,1989,Bantam Books



288,289,0571197639,Poisonwood Bible Edition Uk,Barbara Kingsolver,0,Faber Faber Inc



289,290,0670035262,The Green Man : Tales from the Mythic Forest,Ellen Datlow,2002,Viking Juvenile



290,291,0679423079,Nicholas Nickleby (Everyman's Library),Charles Dickens,1993,Alfred A. Knopf



291,292,0679751343,Angels & Insects : Two Novellas,A.S. BYATT,1994,Vintage



292,293,0684833395,Catch 22,Joseph Heller,1996,Simon & Schuster



293,294,0743245024,The Forsyte Saga : The Man of Property and In Chancery,John Galsworthy,2002,Touchstone



294,295,0749748001,The Enchanted Wood,Enid Blyton,2002,Egmont Childrens Books



295,296,0749748028,The Folk of the Faraway Tree,Enid Blyton,2002,Egmont Childrens Books



296,297,0963094424,Angels and Visitations: A Miscellany,Neil Gaiman,1993,Dreamhaven Books



297,298,1401201172,"League of Extraordinary Gentlemen, Vol. 2 (Comic)",Alan Moore,2003,DC Comics



298,299,1563892278,"Preludes and Nocturnes (Sandman, Book 1)",Neil Gaiman,1998,DC Comics



299,300,1563898586,"The League of Extraordinary Gentlemen, Vol. 1",Alan Moore,2002,DC Comics



300,301,156971620X,Harlequin Valentine,Neil Gaiman,2002,Dark Horse Comics



301,302,1592571301,Alpha Teach Yourself American Sign Language in 24 Hours (Alpha Teach Yourself in 24 Hours),Trudy Suggs,2003,Alpha Books



302,303,0374270325,A Man in Full,Tom Wolfe,1998,Farrar Straus & Giroux



303,304,0375719180,The Miracle Life of Edgar Mint: A Novel,Brady Udall,2002,Vintage Books USA



304,305,0440235502,October Sky: A Memoir,Homer Hickam,1999,Dell



305,306,044023722X,A Painted House,John Grisham,2001,Dell Publishing Company



306,307,1573225487,The Romance Reader,Pearl Abraham,1996,Riverhead Books



307,308,1853260673,Far from the Madding Crowd (Wordsworth Classics),Thomas Hardy,1997,NTC/Contemporary Publishing Company



308,309,0060977477,The Perfect Storm : A True Story of Men Against the Sea,Sebastian Junger,1999,Perennial



309,310,0345391691,The Battle for God,Karen Armstrong,2001,Ballantine Books



310,311,0520011171,Sappho: A New Translation,Mary Barnard,1958,University of California Press



311,312,0553278746,The Postman (Bantam Classics),David Brin,1990,Spectra Books



312,313,0670856045,The Tortilla Curtain,T. Coraghessan Boyle,1995,Viking Books



313,314,0872200760,Symposium,Paul Woodruff,1989,Hackett Pub Co Inc



314,315,0937858994,The What's Happening to My Body? Book for Boys: A Growing Up Guide for Parents and Sons,Lynda Madaras,1987,W W Norton & Co



315,316,0671649949,OBJECT AFFECTION,Stephen McCauley,1988,Washington Square Press



316,317,0590431110,The Journey Home,Isabelle Holland,1993,Scholastic Paperbacks (Mm)



317,318,0064470113,Taking the Ferry Home,Pam Conrad,1990,Harpercollins Juvenile Books



318,319,0553571486,Angel of Hope (Mercy Trilogy),Lurlene McDaniel,2000,Starfire



319,320,0972044205,The Breach,Brian Kaufman,2002,Last Knight Pub Co



320,321,0312963009,Neanderthal: A Novel,John Darnton,1997,St. Martin's Press



321,322,0345430476,A Small Dark Place,Martin Schenk,1999,Ballantine Books



322,323,0345435869,The Rivan Codex : Ancient Texts of THE BELGARIAD and THE MALLOREON,DAVID EDDINGS,1999,Del Rey



323,324,0380728729,Babyhood,Paul Reiser,1998,Avon



324,325,038081840X,Year's Best Fantasy (Year's Best Fantasy),David G. Hartwell,2001,Eos



325,326,0449912302,Dave Barry in Cyberspace,Dave Barry,1997,Ballantine Books



326,327,055329198X,Wolf Moon,John R. Holt,1997,Bantam



327,328,0671018930,The War in Heaven (Eternal Warriors),Theodore Beale,2000,Pocket



328,329,0812541642,Waiting,Frank M. Robinson,2000,Tor Books



329,330,0312988699,Nowhere To Run,Mary Jane Clark,2004,St. Martin's Paperbacks



330,331,0486282112,Frankenstein (Dover Thrift Editions),Mary Wollstonecraft Shelley,1994,Dover Publications



331,332,8483007010,El gust amarg de la cervesa (CollecciÃÂ³ ClÃÂ ssica),Isabel-Clara SimÃÂ³,1999,Columna



332,333,0670815373,Urn Burial,Robert Westall,1987,Viking Children's Books



333,334,0385313748,All Our Yesterdays (Large Print),Robert B. Parker,1994,Delacorte Press



334,335,1575843366,What Shall I Be (Barbie Carryalong),Rita Chapman Works,1999,Reader's Digest



335,336,0684193957,ALL THAT REMAINS,Patricia Cornwell,1992,Scribner



336,337,0345371984,Last Chance to See,Douglas Adams,1992,Ballantine Books



337,338,0380730138,Vinegar Hill (Oprah's Book Club (Paperback)),A. Manette Ansay,1998,Perennial



338,339,1573228737,Affinity,Sarah Waters,2002,Riverhead Books



339,340,9681500555,Diario de Ana Frank,Anne Frank,2000,"Editores Mexicanos Unidos, S.A."



340,341,0380711109,Desert Notes/River Notes,Barry Lopez,1990,Quill (HarperCollins)



341,342,0452283914,"The Best Democracy Money Can Buy: The Truth About Corporate Cons, Globalization and High-Finance Fraudsters",Greg Palast,2003,Plume Books



342,343,0425120279,The Hunt for Red October,Tom Clancy,1990,Berkley Publishing Group



343,344,067153484X,The Music Box,Andrea Kane,1998,Pocket



344,345,0380728273,Liberty Falling (Anna Pigeon Mysteries (Paperback)),Nevada Barr,2000,Avon



345,346,8433914545,El Palacio de La Luna,Paul Auster,1996,Anagrama



346,347,8484509141,Mientras Escribo,Stephen King,2002,Distribooks



347,348,0446606197,Killer Market (Deborah Knott Mysteries (Paperback)),Margaret Maron,1999,Warner Books



348,349,0771076002,Remembering Peter Gzowski : A Book of Tributes,EDNA BARKER,2002,Douglas Gibson Books



349,350,0771088191,The Best Canadian Animal Stories: Classic Tales by Master Storytellers,Muriel Whitaker,1997,McClelland & Stewart



350,351,1559703237,Trying to Save Piggy Sneed,John Irving,1996,Arcade Publishing



351,352,3596214629,"Herr Der Fliegen (Fiction, Poetry and Drama)",Golding,0,Fischer Taschenbuch Verlag GmbH



352,353,0062770500,Seattle Access,HarperReference,1993,Access Press (HarperCollins)



353,354,0671847546,REAL GUIDE: CALIFORNIA AND THE WEST COAST (The Real guides),LTD,1993,John Wiley & Sons Inc



354,355,0060188731,Bel Canto,Ann Patchett,2001,HarperCollins Publishers



355,356,0140374248,James and the Giant Peach,Roald Dahl,2000,Penguin USA (Paper)



356,357,0142001740,The Secret Life of Bees,Sue Monk Kidd,2003,Penguin Books



357,358,0195086295,What a Wonderful World: A Lifetime of Recordings,Bob Thiele,1995,Oxford University Press



358,359,0312995423,Digital Fortress : A Thriller,Dan Brown,2003,St. Martin's Press



359,360,0380704587,The Ladies of Missalonghi,Colleen McCullough,1988,Avon



360,361,0380815923,Blackberry Wine : A Novel,Joanne Harris,2001,Perennial



361,362,0385416342,The Firm,John Grisham,1991,Doubleday Books



362,363,0385418493,How the Irish Saved Civilization: The Untold Story of Ireland's Heroic Role from the Fall of Rome to the Rise of Medieval Europe (Hinges of History),Thomas Cahill,1996,Anchor



363,364,038542471X,The Client,John Grisham,1993,Doubleday Books



364,365,0425098109,Thieves of Light (Photon : the Ultimate Game on Planet Earth),Michael Hudson,1987,Berkley Publishing Group



365,366,0449005410,Horse Heaven (Ballantine Reader's Circle),Jane Smiley,2001,Ballantine Books



366,367,0449202631,Danger,Dick Francis,1985,Fawcett Books



367,368,0449207544,Proof,Dick Francis,1990,Fawcett Books



368,369,0515128554,Heart of the Sea (Irish Trilogy),Nora Roberts,2000,Jove Books



369,370,0517577402,Mostly Harmless,Douglas Adams,1992,Random House Inc



370,371,0590450875,I Spy: A Book of Picture Riddles,Jean Marzollo,1992,Scholastic



371,372,0590481371,I Spy Spooky Night: A Book of Picture Riddles (I Spy Books),Walter Wick,1996,Scholastic



372,373,067103619X,Lake News,Barbara Delinsky,2000,Pocket



373,374,0684177730,The SKULL BENEATH THE SKIN,P. D. James,1982,Scribner



374,375,0684180200,NEW SHOE,Arthur William Upfield,1983,Scribner Paper Fiction



375,376,0743411269,An Accidental Woman,Barbara Delinsky,2003,Pocket Books



376,377,0743470389,The Snow Garden,Christopher Rice,2004,Pocket Star



377,378,076218857X,The Doorbell Rang (The Best Mysteries of All Time),Rex Stout,2000,Readers Digest Assn



378,379,0767905938,A Year by the Sea: Thoughts of an Unfinished Woman,Joan Anderson,2000,Broadway Books



379,380,0800706544,Though I walk through the valley,Vance Havner,1974,F. H. Revell



380,381,0801096677,Victorious Christians You Should Know,Warren W. Wiersbe,1984,Baker Book House



381,382,0849953014,Life Lessons: Book Of Hebrews,Max Lucado,1997,W Publishing Group



382,383,0891091963,Inside out,Lawrence J Crabb,1988,NavPress



383,384,0915811537,Son Rise: The Miracle Continues,Barry Neil Kaufman,1994,Pub Group West



384,385,0927545373,Unveiled at Last,Bob Sjogren,1988,YWAM Publishing



385,386,1575024179,The Day I Almost Quit,Frederick J. Moody,1997,F.J. Moody



386,387,1880185008,"Serving As Senders: How to Care for Your Missionaries While They Are Preparing to Go, While They Are on the Field, When They Return Home",Neal Pirolo,1991,Emmaus Road Intl



387,388,0140345809,House of Stairs,William Sleator,1991,Puffin Books



388,389,0156528207,The Little Prince,Antoine de Saint-ExupÃÂ©ry,1968,Harcourt



389,390,0380012863,Jonathan Livingston Seagull,Richard Bach,1976,Avon



390,391,0451154916,The Crystal Handbook,Kevin Sullivan,1996,Signet Book



391,392,0785815147,Simple Wicca (Simple Wisdom Book),Michele Morgan,2002,Castle Books



392,393,0875421288,"The Complete Book of Incense, Oils & Brews (Llewellyn's Practical Magick)","Scott, Cunningham",1989,Llewellyn Publications



393,394,1567184294,"The Western Mysteries: An Encyclopedic Guide to the Sacred Languages & Magickal Systems of the World : The Key of It All, Book II (Key of It All)",David Allen Hulse,2000,Llewellyn Publications



394,395,156718796X,Astral Travel for Beginners (For Beginners),Richard Webster,1998,Llewellyn Publications



395,396,1862047626,New Perspectives: Runes,Bernard King,2000,Harper Collins - UK



396,397,0020437501,Rosie'S Walk,Pat Hutchins,1971,Aladdin



397,398,0198320264,Julius Caesar (Oxford School Shakespeare),William Shakespeare,2001,Oxford University Press



398,399,0373196989,"Santa Brought A Son : Marrying The Boss's Daughter (Silhouette Romance, 1698)",Melissa McClone,2003,Silhouette



399,400,0373245580,"Marry Me ... Again   Montana Mavericks (Silhouette Special Edition, 1558)",Cheryl St. John,2003,Silhouette



400,401,0451527747,Alice's Adventures in Wonderland and Through the Looking Glass,Lewis Carroll,2000,Signet Classics



401,402,0671867113,Moonlight Becomes You,Mary Higgins Clark,1997,Pocket



402,403,0812504208,The Adventures of Tom Sawyer,Mark Twain,1989,Tor Books



403,404,0060173289,Divine Secrets of the Ya-Ya Sisterhood : A Novel,Rebecca Wells,1996,HarperCollins



404,405,0060973897,Lakota Woman,Dog Mary Crow,1991,Perennial



405,406,006101351X,The Perfect Storm : A True Story of Men Against the Sea,Sebastian Junger,1998,HarperTorch



406,407,0140104682,"Heroes of Their Own Lives: The Politics and History of Family Violence, Boston 1880-1960",Linda Gordon,1989,Penguin USA



407,408,0312143370,The Florence King Reader,Florence King,1996,St. Martin's Press



408,409,0316666343,The Lovely Bones: A Novel,Alice Sebold,2002,"Little, Brown"



409,410,039456894X,Impossible Vacation,Spalding Gray,1992,Random House Inc



410,411,0440224675,Hannibal,Thomas Harris,2000,Dell Publishing Company



411,412,0449002632,London : The Novel,EDWARD RUTHERFURD,1998,Fawcett



412,413,0449213773,Life Before Man,Margaret Atwood,1990,Fawcett Books



413,414,0452279690,Cavedweller,Dorothy Allison,1999,Plume Books



414,415,0553569058,The Robber Bride,Margaret Atwood,1995,Bantam



415,416,0679427430,Wouldn't Take Nothing for My Journey Now,MAYA ANGELOU,1993,Random House



416,417,0679725393,The House of Mirth (Library of America),Edith Wharton,1990,Vintage Books USA



417,418,0802114369,Ohitika Woman,Mary Brave Bird,1993,Pub Group West



418,419,0803233019,Black Elk Speaks: Being the Life Story of a Holy Man of the Oglala Sioux,John G. Neihardt,1988,University of Nebraska Press



419,420,0819154946,The Community in America,Roland Warren,1987,University Press of America



420,421,0897322339,"The Best in Tent Camping: Smoky Mountains : A Guide for Campers Who Hate Rvs, Concrete Slabs, and Loud Portable Stereos (Best in Tent Camping Colorado)",Johnny Molloy,1997,Globe Pequot Pr



421,422,0940322978,Mawrdew Czgowchwz (New York Review Books Classics),James McCourt,2002,New York Review of Books



422,423,1573225126,Prozac Nation: Young and Depressed in America : A Memoir,Elizabeth Wurtzel,1997,Riverhead Books



423,424,1579651658,The Journey From Here,Bill Bradley,2000,Artisan Publishers



424,425,1878424319,The Four Agreements: A Practical Guide to Personal Freedom,Don Miguel Ruiz,1997,Amber-Allen Publishing



425,426,8401351421,El desarrollo de Leonardo da Vinci (BiografÃÂ­as y memorias),Luis Racionero,1986,Plaza & JanÃÂ©s



426,427,8423324311,Gastronomia divina (L'ÃÂ¡ncora),Eugeni Perea SimÃÂ³n,1994,Destino



427,428,8427007450,Desaparecido: LA Autentica Historia De LA Ejecucion De Charles Horman,Thomas Hauser,1982,Lectorum Pubns (J)



428,429,8429734996,Hotel Europa (El BalancÃÂ­),VicenÃÂ§ Villatoro,1992,Edicions 62



429,430,8429736131,La dona dels ulls de pluja: Barcelona anys 90 (El BalancÃÂ­),VÃÂ­ctor Mora,1993,Edicions 62



430,431,8440616252,El paraÃÂ­so (Tiempos modernos),Elena Castedo,1991,"Editiones B, Grupo Zeta"



431,432,8472224260,Negra i consentida (ColÃÂ¨lecciÃÂ³ El Mirall),OfÃÂ¨lia Dracs,1983,Laia



432,433,8472227421,Essa efa (ColÃÂ¨lecciÃÂ³ El Mirall i el temps),OfÃÂ¨lia Dracs,1985,Editorial Laia



433,434,8474103347,Espurnes de sang (La Negra),Antoni Serra,1987,Edicions de la Magrana



434,435,8475960936,Les llengÃÂ¼es d'Africa (Biblioteca universal EmpÃÂºries),M. Carme Junyent,1986,Editorial EmpÃÂºries



435,436,8477830029,TrÃÂ nsit (Area contemporÃÂ nia),Jaume CapÃÂ³,1987,Area



436,437,8478091246,L'home del sac,MÃÂ rius Serra,1990,Columna



437,438,8478097732,GrÃÂ cies per la propina (Columna),Ferran Torrent,1995,Columna



438,439,8478098267,El dia que es va cremar el Liceu (La primera Columna),Joan Agut,1995,Columna



439,440,8478800336,CÃÂ³mo ser una mujer y no morir en el intento (ColecciÃÂ³n El Papagayo),Carmen Rico-Godoy,1990,Ediciones Temas de Hoy



440,441,8478884963,Una casa en Irlanda,Maeve Binchy,1999,Salamandra



441,442,8483002523,La mirada del tafur (ColÃÂ¨lecciÃÂ³ clÃÂ ssica),Ferran Torrent,1997,Columna



442,443,8486433193,Amorrada al pilÃÂ³ (Columna),Maria JaÃÂ©n,1986,Columna



443,444,0600586898,Blur (Melody Maker),Paul Lester,1995,Hal Leonard Corp



444,445,1853260622,War and Peace (Wordsworth Classics),Leo Tolstoy,1997,NTC/Contemporary Publishing Company



445,446,1857938011,A-Z of Behaving Badly,Simon Nye,1996,Trafalgar Square



446,447,0060804157,He Understanding Masculine Psychology,Robert A Johnson,1977,Harpercollins Publisher



447,448,8466601090,Las DOS Muertes De Gardel (Ficcionario),Horacio Vazquez-Rial,2002,Ediciones B



448,449,0140382658,You Can Surf the Net: Your Guide to the World of the Internet,Marc Gascoigne,1996,Puffin Books



449,450,0152012966,I Want to Be...a Veterinarian (I Want to Be... Series),Stephanie Maze,1997,Harcourt



450,451,0312283784,Alice's Tulips,Sandra Dallas,2001,St. Martin's Griffin



451,452,0345297709,Centaur Aisle,Piers Anthony,1982,Ballantine Books



452,453,0345313097,Crewel Lye,Piers Anthony,1985,Ballantine Books



453,454,0345335465,Dragonflight (Dragonriders of Pern Trilogy (Paperback)),Anne McCaffrey,1991,Del Rey Books



454,455,0345416848,Last Sword of Power (Stones of Power),David Gemmell,1997,Del Rey Books



455,456,0385333404,Dating Big Bird,Laura Zigman,2000,Dial Books



456,457,044021145X,The Firm,John Grisham,1992,Bantam Dell Publishing Group



457,458,0449212084,Murder at the Kennedy Center (Capital Crime Mysteries),Margaret Truman,1990,Fawcett Books



458,459,0553582682,"Guinness World Records 2000 (Guinness Book of Records, 2000)",Nic Kynaston,2000,Bantam Books



459,460,0590947257,Forever Amber Brown (Amber Brown (Paperback)),Paula Danziger,1997,Jump at the Sun



460,461,074345829X,Philip Jose Farmer's The Dungeon,Richard A. Lupoff,2003,I Books



461,462,0786913878,Pool of Radiance: The Ruins of Myth Drannor (Forgotten Realms),Carrie Bebris,2001,Wizards of the Coast



462,463,0801491827,"Feminism and Suffrage: The Emergence of an Independent Women's Movement in America, 1848-1869",Ellen Carol Dubois,1980,Cornell University Press



463,464,0816729913,Why Are Boys So Weird (Tales from Third Grade),Candice F. Ransom,1993,Troll Communications Llc



464,465,0843136685,Sheldon & Mrs. Levine: An Excruciating Correspondence,Sam Bobrick,1994,Price Stern Sloan



465,466,0866119531,Black Beauty (Great Illustrated Classics (Playmore)),Anna Sewell,2000,Playmore Inc. Publishers



466,467,0866119566,Oliver Twist (Great Illustrated Classics),Charles Dickens,1989,Playmore Inc. Publishers



467,468,0870441663,The wild ponies of Assateague Island (Books for young explorers),Donna K Grosvenor,1975,National Geographic Society



468,469,1561561428,Frankenstein (Illustrated Classics Series),Mary Wollstonecraft Shelley,1992,Kidsbooks.Com



469,470,0553210092,The Scarlet Letter,NATHANIEL HAWTHORNE,1965,Bantam



470,471,0553258524,Dragonsong (Harper Hall Trilogy),Anne McCaffrey,1977,Bantam



471,472,0688163726,The Watch House,Robert Westall,1998,HarperTrophy



472,473,1569471096,Was It Something I Said?,Valerie Block,1998,Soho Press



473,474,055358099X,Cloud Nine,Luanne Rice,2000,Bantam Books



474,475,0316168815,The Lovely Bones,Alice Sebold,2004,Back Bay Books



475,476,014023828X,The Tortilla Curtain,T. Coraghessan Boyle,1996,Penguin Books



476,477,0316314927,Sarah Conley,Ellen Gilchrist,1998,Back Bay Books



477,478,0345424719,A Widow for One Year,JOHN IRVING,1999,Ballantine Books



478,479,0375414746,The Clearing,TIM GAUTREAUX,2003,Knopf



479,480,0375726403,Empire Falls,Richard Russo,2002,Vintage Books USA



480,481,0385503857,Oryx and Crake,Margaret Atwood,2003,Nan A. Talese



481,482,0425156842,Sophie's World: A Novel About the History of Philosophy (Berkeley Signature Edition),Jostein Gaarder,1997,Berkley Publishing Group



482,483,0440226104,Black and Blue,ANNA QUINDLEN,1999,Dell



483,484,0452277337,Le Divorce (William Abrahams Book),Diane Johnson,1997,Plume Books



484,485,0553802488,The Face,DEAN KOONTZ,2003,Bantam



485,486,0671021001,She's Come Undone (Oprah's Book Club),Wally Lamb,1998,Pocket



486,487,0767903579,Falling Leaves: The True Story of an Unwanted Chinese Daughter,Adeline Yen Mah,1999,Broadway Books



487,488,0805063897,Nickel and Dimed: On (Not) Getting By in America,Barbara Ehrenreich,2002,Owl Books



488,489,0679777431,"The Game of Kings (Lymond Chronicles, 1)",DOROTHY DUNNETT,1997,Vintage



489,490,0553285343,"RUSSIA HOUSE, THE",JOHN LE CARRE,1990,Bantam



490,491,0486285529,Solv-A-Crime Puzzles (Dover Game and Puzzle Activity Books),A. C. Gordon,1995,Dover Publications



491,492,0671002481,The First Wives Club Movie Tie In,Olivia Goldsmith,1996,Pocket



492,493,0812523385,Selected Poems of Emily Dickinson,Emily Dickinson,1995,Tor Books



493,494,0895774666,Watercolor School (Reader's Digest Learn-As-You-Go Guides),Hazel Harrison,1993,Readers Digest



494,495,0020199090,Joshua In the Holy Land,Joseph Girzone,1993,Simon Schuster Trade



495,496,0385495145,The Messenger,JOSEPH GIRZONE,2002,Image



496,497,0679733825,Sisters of the Earth: Women's Prose and Poetry About Nature,Lorraine Anderson,1991,Vintage Books USA



497,498,0842329129,Left Behind: A Novel of the Earth's Last Days (Left Behind No. 1),Tim Lahaye,1996,Tyndale House Publishers



498,499,0345451260,Househusband,AD HUDLER,2002,Ballantine Books



499,500,0740700235,Life Messages: Inspiration For The Woman's Spirit,Josephine Carlton,2002,Andrews McMeel Publishing



500,501,0380973545,Letters from a Nut,Ted L. Nancy,1999,William Morrow



501,502,0393321576,Karl Marx: A Life,Francis Wheen,2001,W.W. Norton & Company



502,503,0743424425,The Shining,Stephen King,2001,Pocket



503,504,0786868015,The Diary of Ellen Rimbauer: My Life at Rose Red,Joyce Reardon,2001,Hyperion



504,505,0446610178,The Sky Is Falling,Sidney Sheldon,2001,Warner Books



505,506,0684854953,Santa Pete : A Novel Of Christmas Present And Past,Christopher Moore,1998,Simon & Schuster



506,507,0743229878,Mount Vernon Love Story : A Novel of George and Martha Washington,Mary Higgins Clark,2002,Simon & Schuster



507,508,0380617625,The Kingdom: Arabia and the House of Sa'Ud,Robert Lacey,1983,Harper Mass Market Paperbacks (Mm)



508,509,0380732335,Florida Road Kill: A Novel,Tim Dorsey,2000,HarperTorch



509,510,0385337132,The 37th Hour,JODI COMPTON,2003,Delacorte Press



510,511,0440235057,Be Cool,Elmore Leonard,2000,Dell Publishing Company



511,512,0445402040,The Hunted,Elmore Leonard,1986,Warner Books (Mm)



512,513,0618119760,The Saints of Big Harbour: A Novel,Lynn Coady,2002,Houghton Mifflin Company



513,514,0871138646,Old Flames,John Lawton,2003,Atlantic Monthly Press



514,515,0026329859,From the Earth: Chinese Vegetarian Cooking,Eileen Yin-Fei Lo,1995,MacMillan Publishing Company.



515,516,0060621257,Living in the Presence: Disciplines for the Spiritual Heart,Tilden H. Edwards,1988,Harpercollins



516,517,0060915544,The Bean Trees,Barbara Kingsolver,1989,Perennial



517,518,0060917016,Homeland and Other Stories,Barbara Kingsolver,1990,Perennial



518,519,0060925000,"A Suitable Boy : Novel, A",Vikram Seth,1994,Perennial



519,520,0060932759,Daughter of Fortune,Isabel Allende,2000,Perennial



520,521,0061000280,The Fly on the Wall,Tony Hillerman,1990,HarperTorch



521,522,0192815318,Cranford (The World's Classics),Elizabeth Gaskell,1982,Oxford University Press



522,523,0312195516,The Red Tent (Bestselling Backlist),Anita Diamant,1998,Picador USA



523,524,0380792664,The Right Hand of Amon,Lauren Haney,1997,Avon



524,525,0393048977,Last Blue: Poems,Gerald Stern,2000,W.W. Norton & Company



525,526,0399137807,The Cat Who Wasn't There,Lilian Jackson Braun,1992,Putnam Pub Group



526,527,039914739X,Isle of Dogs,Patricia Daniels Cornwell,2001,Putnam Publishing Group



527,528,0451203046,Light a Penny Candle,Maeve Binchy,2001,Signet Book



528,529,0451410556,The Blue Last: A Richard Jury Mystery (Richard Jury Mysteries (Paperback)),Martha Grimes,2002,Onyx Books



529,530,0451523318,Turn of the Screw and Short N,Henry James,1978,Signet Book



530,531,0486281965,The Country of the Pointed Firs (Dover Thrift Editions),Sarah Orne Jewett,1994,Dover Publications



531,532,0486292940,Early Poems (Dover Thrift Editions),William Carlos Williams,1997,Dover Publications



532,533,051762639X,Barchester Towers (Oxford Pocket Classics),Anthony Trollope,1986,Random House Value Publishing



533,534,0684824442,REEF,Edith Wharton,1996,Scribner



534,535,0743458303,Wednesday the Rabbi Got Wet,Harry Kemelman,2003,I Books



535,536,081296666X,Things My Girlfriend and I Have Argued About: A Novel,Mil Millington,2003,Villard Books



536,537,0819215635,Listening Hearts: Discerning Call in Community,Suzanne G. Farnham,1991,Morehouse Group



537,538,0880011025,Unattainable Earth,Czeslaw Milosz,1987,Ecco Press



538,539,1561011525,"The Practice of Prayer (New Church's Teaching Series, Vol 4)",Margaret Guenther,1998,Cowley Publications



539,540,1877727083,Vertical Poetry: Recent Poems,Roberto Juarroz,1992,White Pine Press (NY)



540,541,0486206173,Rubinstein's Chess Masterpieces,Akiba Rubinstein,1941,Dover Publications



541,542,0312278586,The Nanny Diaries: A Novel,Emma McLaughlin,2002,St. Martin's Press



542,543,8845229041,Biblioteca Universale Rizzoli: Sulla Sponda Del Fiume Piedra,P Coelho,0,Fabbri - RCS Libri



543,544,887641486X,I Giorni Dell'abbandono,Elena Ferrante,2002,Edizioni E/O



544,545,0140370900,The Gizmo,Paul Jennings,1995,Puffin



545,546,0674511255,The Last Best Hope of Earth: Abraham Lincoln and the Promise of America,"Mark E., Jr. Neely",1993,Harvard University Press



546,547,0030096189,Organic Chemistry (Saunders Golden Sunburst Series),Stephen J. Weininger,1994,Saunders College Publishing



547,548,0312965745,Secrets of St. John's Wort: A Lynn Sonberg Book,Larry Katzenstein,1998,St. Martin's Press



548,549,0345374657,Diet for a Poisoned Planet: How to Choose Safe Foods for You and Your Family,David Steinman,1992,Ballantine Books



549,550,0395710901,"Punished by Rewards: The Trouble With Gold Stars, Incentive Plans, A'S, Praise, and Other Bribes",Alfie Kohn,1995,Houghton Mifflin



550,551,080521061X,Montessori Today: A Comprehensive Approach to Education from Birth to Adulthood,Paula Polk Lillard,1996,Schocken Books



551,552,0823032612,Oil Painting Techniques (Artist's Painting Library),David Lewis,1983,Watson-Guptill Publications



552,553,0679310002,Going down swinging,Billie Livingston,1999,Random House Canada



553,554,0312288115,Confessions of a Sociopathic Social Climber : The Katya Livingston Chronicles (Katya Livingston Chronicles (Hardcover)),Adele Lang,2002,Thomas Dunne Books



554,555,0316171107,Like a Hole in the Head,Jen Banbury,1998,Little Brown & Co



555,556,0380710218,Postmortem,Patricia Daniels Cornwell,1993,Harper Mass Market Paperbacks (Mm)



556,557,0515118656,The Cove,Catherine Coulter,1996,Jove Books



557,558,0553289063,An Inconvenient Woman,Dominick Dunne,1991,Bantam Books



558,559,0671000306,Shock Wave (Dirk Pitt Adventures (Paperback)),Clive Cussler,1996,Pocket



559,560,0671673688,While My Pretty One Sleeps,Mary Higgins Clark,1990,Pocket



560,561,1561672033,Antipodes 10,John Pascal,1995,Noble House



561,562,0425178242,Kick Ass: Selected Columns of Carl Hiaasen,Carl Hiaasen,2001,Berkley Publishing Group



562,563,0618173870,Everything Is Illuminated: A Novel,Jonathan Safran Foer,2002,Houghton Mifflin Company



563,564,0156027321,Life of Pi,Yann Martel,2003,Harvest Books



564,565,0375403582,Rules of the Wild,Francesca Marciano,1998,Random House Inc



565,566,0385721420,Three Junes,JULIA GLASS,2003,Anchor



566,567,0451202341,Back Roads,Tawni O'Dell,2001,Signet Book



567,568,0743418190,In Her Shoes : A Novel,Jennifer Weiner,2002,Atria Books



568,569,0385335407,The Kiss,Danielle Steel,2001,Delacorte Press



569,570,0965746828,Home Spun: A Collection,Leon Hale,1997,Winedale Publishing



570,571,0060923245,Sweet Hereafter Movie Tie-In : A Novel,Russell Banks,1992,Perennial



571,572,0486272664,The Rime of the Ancient Mariner and Other Poems,Samuel Taylor Coleridge,1992,Dover Publications



572,573,0786015276,11th Hour,Bradley Warshauer,2003,Pinnacle Books



573,574,0060913509,In Country RI,Bobbie Ann Mason,1986,Perennial



574,575,0553272837,Brazen Virtue,Nora Roberts,1996,Bantam Books



575,576,0440225078,Ghost Moon,Karen Robards,2001,Dell Publishing Company



576,577,0312145543,Brewing Up a Storm: A John Thatcher Mystery,Emma Lathen,1996,St Martins Pr



577,578,0425181111,Strangers,Dean R. Koontz,2002,Berkley Publishing Group



578,579,0380732688,Milk and Honey (Peter Decker/Rina Lazarus Novels),Faye Kellerman,2002,Avon



579,580,0140286276,The Deep End of the Ocean (Oprah's Book Club),Jacquelyn Mitchard,1999,Penguin Books



580,581,0373484100,Night Tales,Nora Roberts,2000,Silhouette



581,582,0449907481,A Thousand Acres (Ballantine Reader's Circle),JANE SMILEY,1992,Ballantine Books



582,583,0553107305,Chopping Spree,DIANE MOTT DAVIDSON,2002,Bantam



583,584,080213825X,Four Blondes,Candace Bushnell,2001,Grove Press



584,585,0515127833,River's End,Nora Roberts,2003,Jove Books



585,586,0345441133,Summer Island,KRISTIN HANNAH,2002,Ballantine Books



586,587,0515134279,The Straw Men,Michael Marshall,2002,Jove Books



587,588,0945586051,The Doctor the Patient: The Personal Journey of a Physician With Cancer,Allen Widome,1989,Editech Pr



588,589,0385490992,The Street Lawyer,John Grisham,1998,Doubleday Books



589,590,0385424728,The Chamber,John Grisham,1994,Doubleday Books



590,591,0312980388,Warlock : A Novel of Ancient Egypt,Wilbur Smith,2002,St. Martin's Paperbacks



591,592,0590419625,The Teacher from the Black Lagoon,Mike Thaler,1989,Scholastic



592,593,0385472951,The Partner,John Grisham,1997,Doubleday Books



593,594,0451195663,Primal Scream,Michael Slade,1998,Signet Book



594,595,0425182878,Chosen Prey,John Sandford,2004,Berkley Publishing Group



595,596,0553564528,Guilty as Sin,TAMI HOAG,1997,Bantam



596,597,055356451X,Night Sins,TAMI HOAG,1995,Bantam



597,598,0743412621,The Second Time Around : A Novel,Mary Higgins Clark,2004,Pocket



598,599,0849943728,Three,Ted Dekker,2003,WestBow Press



599,600,0849943450,The Canopy,Angela Elwell Hunt,2003,WestBow Press



600,601,084994371X,Blink,Ted Dekker,2003,WestBow Press



601,602,0590406019,Last Battle,C. S. Lewis,1988,Scholastic Paperbacks (Mm)



602,603,0020442408,Prince Caspian,C. S. Lewis,1970,MacMillan Publishing Company.



603,604,0553225987,Robert's Rules of Order,William Eisner,1986,Bantam Books



604,605,042517736X,Abduction,Robin Cook,2000,Berkley Publishing Group



605,606,0671868713,And Never Let Her Go : Thomas Capano: The Deadly Seducer,Ann Rule,2000,Pocket



606,607,038549825X,Not a Day Goes By : A Novel,E. LYNN HARRIS,2001,Anchor



607,608,0553202294,Sun Signs,Linda Goodman,1981,Bantam Doubleday Dell



608,609,0345313860,"The Vampire Lestat (Vampire Chronicles, Book II)",ANNE RICE,1986,Ballantine Books



609,610,0345369947,The Mummy or Ramses the Damned,Anne Rice,1991,Ballantine Books



610,611,067170124X,HIS LITTLE WOMEN : HIS LITTLE WOMEN,Judith Rossner,1991,Pocket



611,612,0345353625,Her Mother's Daughter,Marilyn French,1990,Ballantine Books



612,613,0308102282,Your Erroneous Zones,Wayne W. Dyer,1976,Harpercollins



613,614,006017143X,The Night Listener,Armistead Maupin,2000,HarperCollins Publishers



614,615,0805056491,Organizing from the Inside Out,Julie Morgenstern,1998,Henry Holt & Company



615,616,0679401377,The Hellfire Club,Peter Straub,1996,Random House Inc



616,617,1562827049,"The Diary of Jack the Ripper/the Discovery, the Investigation, the Debate",Jack,1993,Hyperion Books



617,618,0385306032,Vanished,Danielle Steel,1993,Delacorte Press



618,619,0816152446,The Women in His Life (G K Hall Large Print Book Series),Barbara Taylor Bradford,1991,Thorndike Pr



619,620,0821772953,The Morning After,Lisa Jackson,2004,Zebra Books



620,621,0345379454,Missing Susan,SHARYN MCCRUMB,1992,Ballantine Books



621,622,0553576925,Hiding in the Shadows (Shadows Trilogy (Paperback)),Kay Hooper,2000,Bantam Books



622,623,0743206053,Kitchen Privileges : A Memoir,Mary Higgins Clark,2002,Simon & Schuster



623,624,0688169678,We Are Our Mothers' Daughters,Cokie Roberts,2000,Perennial



624,625,0439319552,Horus's Horrible Day (First Graders from Mars),Shana Corey,2001,Scholastic



625,626,0590870157,My Garden (Beginning Literacy),Jesse S. Ostrow,1994,Scholastic



626,627,0307001164,101 Dalmatians,Justine Korman,1996,Golden Books Publishing Company



627,628,0440441501,In the Dinosaur's Paw (Kids of the Polk Street School),PATRICIA REILLY GIFF,1987,Yearling



628,629,0590687301,Ralph S. Mouse,Beverly Cleary,2000,Scholastic



629,630,0439061644,"The First Journey (Animorphs. Alternamorphs, 1)",K. A. Applegate,1999,Apple Signature (Scholastic)



630,631,0439569842,How Do Dinosaurs Learn to Read,Jane Yolen,2003,"Scholastic, Inc."



631,632,0307118703,My First Book about Space (Golden Look-Look Books (Paperback)),Dinah L. Moche,1997,Golden Books



632,633,0590418858,You Be the Jury #02,Marvin Miller,1989,Scholastic



633,634,030720152X,Comic Characters,Craig Boldman,1983,Golden Books



634,635,0816728739,The Time Machine (Troll Illustrated Classics),H. G. Wells,1992,Troll Communications Llc



635,636,0865050880,I Like School (in My World Series),Bobbie Kalman,1985,Crabtree Publishing Company



636,637,0812519655,Sacred Ground,Mercedes Lackey,1995,Tor Books



637,638,0812524853,Burning Water (Burning Water),Mercedes Lackey,1992,Tor Books



638,639,0449211770,The Tightrope Walker,Dorothy Gilman,1997,Fawcett Books



639,640,193072229X,MoveOn's 50 Ways to Love Your Country: How to Find Your Political Voice and Become a Catalyst for Change,Moveon,2004,Inner Ocean Publishing



640,641,0812521129,Children of the Night,Mercedes Lackey,1990,Tor Books



641,642,0345251733,Rainbow the Stormy Life of Judy Garland,Christopher Finch,0,Ballantine Books



642,643,1400077826,Cold Mountain (MTI) (Vintage Contemporaries),CHARLES FRAZIER,2003,Vintage



643,644,0312995431,A Fountain Filled With Blood (A Rev. Clare Ferguson Mystery),Julia Spencer-Fleming,2004,St. Martin's Paperbacks



644,645,0312312628,Out of the Deep I Cry : A Clare Fergusson/Russ Van Alstyne Mystery,Julia Spencer-Fleming,2004,St. Martin's Minotaur



645,646,0446394521,Daisy Fay and the Miracle Man,Fannie Flagg,1992,Warner Books



646,647,0590021117,Little House On the Prairie,Laura Ingall Wilder,0,Scholastic Inc



647,648,068484267X,Angela's Ashes: A Memoir,Frank McCourt,1999,Scribner



648,649,0553578693,The Next Accident,LISA GARDNER,2002,Bantam



649,650,0380709260,Socks (Cleary Reissue),Beverly Cleary,1990,HarperTrophy



650,651,0807565288,"The Pet Shop Mystery (Boxcar Children Special (Paper), No 7)",Gertrude Chandler Warner,1996,Albert Whitman & Company



651,652,0312986769,In the Bleak Midwinter (A Rev. Clare Ferguson Mystery),Julia Spencer-Fleming,2003,St. Martin's Minotaur



652,653,0345413377,"The Amber Spyglass (His Dark Materials, Book 3)",PHILIP PULLMAN,2001,Del Rey



653,654,0345413369,"The Subtle Knife (His Dark Materials, Book 2)",PHILIP PULLMAN,1998,Del Rey



654,655,0679893105,"The Golden Compass (His Dark Materials, Book 1)",PHILIP PULLMAN,1998,Knopf Books for Young Readers



655,656,0061096091,Eyeshot,Lynn S. Hightower,1997,Harper Mass Market Paperbacks (Mm)



656,657,0345369068,"If Ever I Return, Pretty Peggy-O",Sharyn McCrumb,1991,Fawcett Books



657,658,0451184718,The Rosewood Casket,Sharyn McCrumb,1997,Signet Book



658,659,0449209121,The Amazing Mrs. Pollifax,Dorothy Gilman,1992,Fawcett Books



659,660,0060938455,Fast Food Nation: The Dark Side of the All-American Meal,Eric Schlosser,2002,Perennial



660,661,080411952X,The Unsung Hero,Suzanne Brockmann,2000,Ivy Books



661,662,0060575808,"Two Princesses of Bamarre, The",Gail Carson Levine,2004,Eos



662,663,0060558865,Ella Enchanted (rack),Gail Carson Levine,2004,Avon



663,664,0767912918,Passing for Thin : Losing Half My Weight and Finding My Self,FRANCES KUFFEL,2004,Broadway



664,665,0553298860,Bloodlines (Dog Lover's Mysteries),Susan Conant,1994,Bantam Books



665,666,0385335679,Kissing in Manhattan,DAVID SCHICKLER,2002,Delta



666,667,0440122090,Echoes,Maeve Binchy,1989,Dell



667,668,0671525832,Someone to Watch Over Me : A Novel,Judith McNaught,2003,Pocket



668,669,0553279572,The Toynbee Convector,Ray Bradbury,1989,Spectra Books



669,670,0061009059,One for the Money (Stephanie Plum Novels (Paperback)),Janet Evanovich,1995,HarperTorch



670,671,0060930187,The Bell Jar : A Novel (Perennial Classics),Sylvia Plath,2000,Perennial



671,672,0516076272,A polar bear called Pingo,Ilona Koidahl,1974,Childrens Press



672,673,0679450432,Dark Lady,Richard North Patterson,1999,Alfred A. Knopf



673,674,0821775863,The Future Scrolls,Fern Michaels,2003,Zebra Books



674,675,0821770209,About Face,Fern Michaels,2003,Zebra Books



675,676,0670855758,Tarot Says Beware (A Herculeah Jones Mystery),Betsy Byars,1995,Viking Books



676,677,0553562819,Globalhead,Bruce Sterling,1994,Spectra Books



677,678,0446364193,Along Came a Spider (Alex Cross Novels),James Patterson,1993,Warner Books



678,679,0446519138,Simple Abundance:  A Daybook of Comfort and Joy,Sarah Ban Breathnach,1995,Warner Books



679,680,0425179672,The River King,Alice Hoffman,2001,Berkley Publishing Group



680,681,0061042943,Final Appeal,Lisa Scottoline,1994,HarperTorch



681,682,0399144463,Who Moved My Cheese? An Amazing Way to Deal with Change in Your Work and in Your Life,Spencer Johnson,1998,Putnam Pub Group (Paper)



682,683,0965404560,Atonement,Ian McEwan,2002,Nan A. Talese



683,684,006015781X,Why Do Clocks Run Clockwise? and Other Imponderables: Mysteries of Everyday Life Explained,David Feldman,1987,Harpercollins



684,685,0060930705,Someone to Watch Over Me : Stories,Richard Bausch,2000,Perennial



685,686,0312206763,Stately Pursuits,Katie Fforde,1999,Griffin Trade Paperback



686,687,0316116025,The Pinball Effect: How Renaissance Water Gardens Made the Carburetor Possible-And Other Journeys Through Knowledge (Pinball Effect),James Burke,1996,Little Brown & Co



687,688,0156013967,"My Father, Dancing (Harvest Book)",Bliss Broyard,2000,Harvest Books



688,689,0385314019,Women on the Case,Sara Paretsky,1996,Bantam Dell Pub Group



689,690,0743444167,New Cardiff,Charles Webb,2002,Washington Square Press



690,691,0618231617,Almost: A Novel,Elizabeth Benedict,2002,Mariner Books



691,692,1567920047,A Tally of Types: With Additions by Several Hands ; And With a New Introduction by Mike Parker,Stanley Morison,1999,David R. Godine Publisher



692,693,0811203220,Stand Still Like the Hummingbird,Henry Miller,1962,New Directions Publishing Corporation



693,694,1573229148,Crossing the Unknown Sea: Work As a Pilgrimage of Identity,David Whyte,2002,Riverhead Books



694,695,0787955671,The Future of Leadership: Today's Top Leadership Thinkers Speak to Tomorrow's Leaders,Warren  Bennis,2001,Jossey-Bass



695,696,0425174484,"Expecting Adam: A True Story of Birth, Rebirth, and Everyday Magic",Martha Beck,2000,Berkley Publishing Group



696,697,0385496907,No Future Without Forgiveness,Desmond Mpilo Tutu,2000,Image



697,698,0446523992,"A Call to Conscience : The Landmark Speeches of Dr. Martin Luther King, Jr.",Kris Shepard,2001,Warner Books



698,699,0140185216,On the Road (Penguin 20th Century Classics),Jack Kerouac,1998,Penguin USA (Paper)



699,700,0684717255,I And Thou,Martin Buber,1971,Free Press



700,701,0486272745,The Prince (Dover Thrift Editions),NiccolÃÂ² Machiavelli,1992,Dover Publications



701,702,8807120194,"Sarajevo, maybe (Anni Novanta/Feltrinelli)",Gianfranco Bettin,1994,Feltrinelli



702,703,0062507249,Becoming a Man : Half a Life Story,Paul Monette,1993,HarperSanFrancisco



703,704,0684801221,OLD MAN AND THE SEA,Ernest Hemingway,1995,Scribner



704,705,1576737357,Diary of a Teenage Girl - Becoming Me : Diary Number 1 (Diary of a Teenage Girl),Melody Carlson,2000,Multnomah



705,706,0060083298,The Dominant Blonde,Alisa Kwitney,2002,Avon Trade



706,707,0446672211,Where the Heart Is (Oprah's Book Club (Paperback)),Billie Letts,1998,Warner Books



707,708,0140293248,The Girls' Guide to Hunting and Fishing,Melissa Bank,2000,Penguin Books



708,709,0807070718,Rena's Promise: A Story of Sisters in Auschwitz,Rena Kornreich Gelissen,1996,Beacon Press



709,710,0743213831,America the Beautiful: A Novel,Moon Unit Zappa,2001,Touchstone



710,711,0345305477,Easy Travel to Other Planets,Ted Mooney,1982,Ballantine Books



711,712,0061080519,The Mist and the Magic (Harper Monogram),Susan Wiggs,1993,Harper Mass Market Paperbacks



712,713,0142000205,Icy Sparks,Gwyn Hyman Rubio,2001,Penguin Books



713,714,0316735027,The True and Outstanding Adventures of the Hunt Sisters: A Novel,Elisabeth Robinson,2004,"Little, Brown"



714,715,193156146X,The Time Traveler's Wife,Audrey Niffenegger,2003,MacAdam/Cage Publishing



715,716,015600710X,Strange Fits of Passion: A Novel,Anita Shreve,1999,Harvest Books



716,717,0062517856,The Monk Downstairs: A Novel,Tim Farrington,2002,HarperSanFrancisco



717,718,0679767789,Lost in Place: Growing Up Absurd in Suburbia,Mark Salzman,1996,Vintage Books USA



718,719,0449911683,My Name Is Asher Lev,Chaim Potok,1996,Ballantine Books



719,720,0425169626,Waking the Dead,Scott Spencer,2000,Berkley Publishing Group



720,721,0449207757,Davita's Harp,Chaim Potok,1990,Fawcett Books



721,722,0449245691,The Book of Lights,Chaim Potok,1997,Fawcett Books



722,723,0140029400,The Mimic Men,V. S. Naipaul,1992,Penguin USA



723,724,0140021566,The Mystic Masseur,V.S. Naipaul,1993,Penguin USA



724,725,2253004022,Regain,Jean Giono,1987,LGF



725,726,2253005274,Le Grand Meaulnes (Classiques De Poche),Alain-Fournier,2000,Distribooks Inc



726,727,225300670X,A l'Ouest rien de nouveau,Erich Maria Remarque,1973,LGF



727,728,2266084372,Pourquoi j'ai mangÃ?ÃÂ© mon pÃ?ÃÂ¨re,Lewis,2000,Pocket



728,729,2070362388,Ravage,Rene Barjavel,0,Gallimard French



729,730,2266029460,Voyage d'une parisienne Ã?ÃÂ  Lhassa,Alexandra David-NÃ?ÃÂ©el,1989,Pocket



730,731,2253007102,Les Fleurs Du Mal,C. Baudelaire,1972,Livre De Poche French



731,732,2070417743,Chroniques martiennes,Ray Bradbury,2002,Gallimard



732,733,2266033689,Le Diable Au Corps,Raymond Radiguet,0,Presses Pocket French



733,734,2070384349,La Faute de l'abbÃ?ÃÂ© Mouret,Emile Zola,1991,Gallimard



734,735,207053880X,L'Homme Qui Plantait Des Arbres,Jean Giono,2002,Distribooks Inc



735,736,2070334368,La Guerre Des Boutons,Pergaud,0,Livre de Poche



736,737,2290314951,Paroles de Poilus : Lettres et carnets du front 1914-1918,Collectif,2001,J'ai lu



737,738,229000510X,Une porte sur l'Ã?ÃÂ©tÃ?ÃÂ©,Robert A. Heinlein,1999,J'ai lu



738,739,3492207006,Die Entdeckung der Langsamkeit.,Sten Nadolny,1987,Piper



739,740,3499177757,Die Grenzen des Geschlechts: Anleitungen zum Sturz des internationalen Patriarchats : Amnesty for Women (Rororo Sachbuch),Cheryl Benard,1984,Rowohlt



740,741,3889774016,Frauen der Welt: Vom Fortschritt der Ungleichheit,Christa Wichterich,1995,Lamuv



741,742,3502670005,I Ging. Das Buch der Wandlung. Das groÃ?Ã?e Weisheits- und Orakelbuch der alten Chinesen.,John. Blofeld,1999,O. W. Barth Bei Scherz



742,743,0905762487,African Women: Their Struggle for Economic Independence,Christine Obbo,1980,Palgrave-Macmillan



743,744,3499222604,Die globalisierte Frau: Berichte aus der Zukunft der Ungleichheit (Frauen aktuell),Christa Wichterich,1998,Rowohlt



744,745,3746670055,"Women are the Niggers of the World: ÃÂ¼ber Frauen, Herrenmenschen und Nietzsches Peitsche (AtV Dokument und Essay)",Peter B Heim,1994,Aufbau Taschenbuch Verlag



745,746,0140620427,Sense and Sensibility (Penguin Popular Classics),Jane Austen,1994,Penguin Books Ltd



746,747,3596144434,Der gemietete Mann.,Hera Lind,1999,"Fischer (Tb.), Frankfurt"



747,748,3442724686,Der Gott der kleinen Dinge.,Arundhati Roy,1999,btb



748,749,0385504209,The Da Vinci Code,Dan Brown,2003,Doubleday



749,750,0446525502,The Rescue,Nicholas Sparks,2000,Warner Books



750,751,0385500769,A Map of the World,Jane Hamilton,1999,Doubleday Books



751,752,0399147012,Edge of Danger,Jack Higgins,2001,Putnam Publishing Group



752,753,0670892963,Bridget Jones : The Edge of Reason,Helen Fielding,2000,Viking Books



753,754,0688180639,Vinegar Hill (Oprah's Book Club (Hardcover)),A. Manette Ansay,1999,HarperCollins



754,755,0316789089,The Pilot's Wife : A Novel Tag: Author of the Weight of Water (Oprah's Book Club (Hardcover)),Anita Shreve,1999,"Little, Brown"



755,756,0451197275,Saving Private Ryan: A Novel,Max Allan Collins,1998,Signet Book



756,757,0425184129,Big Trouble,Dave Barry,2002,Berkley Publishing Group



757,758,0151001006,Snow Falling on Cedars,David Guterson,1994,Harcourt



758,759,0385505833,Skipping Christmas,JOHN GRISHAM,2001,Doubleday



759,760,0679442790,The Reader,Bernhard Schlink,1997,Random House



760,761,0525943862,Cheaters,Eric Jerome Dickey,1999,Dutton Books



761,762,0609605925,Angel Falls,KRISTIN HANNAH,2000,Crown



762,763,0060191929,The Saving Graces : A Novel,Patricia Gaffney,1999,HarperCollins



763,764,0743206045,Daddy's Little Girl,Mary Higgins Clark,2002,Simon & Schuster



764,765,0684864843,The Vineyard : A Novel,Barbara Delinsky,2000,Simon & Schuster



765,766,0684867818,The Looking Glass : A Novel (The Locket Series),Richard Paul Evans,1999,Simon & Schuster



766,767,0743406176,If Only It Were True,Marc Levy,2000,Atria



767,768,0380978539,"Dear Stranger, Dearest Friend",Laney Katz Becker,2000,William Morrow & Company



768,769,0679603352,The Cider House Rules: A Novel (Modern Library),John Irving,1999,Modern Library



769,770,0679410430,Lolita (Everyman's Library (Cloth)),VLADIMIR NABOKOV,1993,Everyman's Library



770,771,0446523569,Message in a Bottle,Nicholas Sparks,1998,Warner Books



771,772,0671042556,Blackbird: A Childhood Lost and Found,Jennifer Lauck,2000,Atria



772,773,0679450440,Protect and Defend,Richard North Patterson,2000,Random House Inc



773,774,0140107649,Blue Heaven (Contemporary American Fiction S.),Joe Keenan,1988,Penguin Books



774,775,0609606727,Julie and Romeo,Jeanne Ray,2000,Harmony



775,776,0446527793,The Guardian,Nicholas Sparks,2003,Warner Books



776,777,0446531332,Nights in Rodanthe,Nicholas Sparks,2002,Warner Books



777,778,1570717257,Man and Boy,Tony Parsons,2001,Sourcebooks Landmark



778,779,0060192631,One Heart,Jane McCafferty,1999,HarperCollins Publishers



779,780,0385420161,"Like Water for Chocolate: A Novel in Monthly Installments, With Recipes, Romances, and Home Remedies",Laura Esquivel,1992,Doubleday Books



780,781,0345339711,"The Two Towers (The Lord of the Rings, Part 2)",J.R.R. TOLKIEN,1986,Del Rey



781,782,052594463X,All of Me: A Voluptuous Tale,Venise T. Berry,2000,Dutton Books



782,783,039304016X,The Perfect Storm: A True Story of Men Against the Sea,Sebastian Junger,1997,Little Brown and Company



783,784,0399147128,The Villa,Nora Roberts,2001,Putnam Publishing Group



784,785,0670031046,In This Mountain,Jan Karon,2002,Viking Books



785,786,0394574745,"All the Pretty Horses (Border Trilogy, Vol 1)",Cormac McCarthy,1992,Alfred A. Knopf



786,787,0316969443,Suzanne's Diary for Nicholas,James Patterson,2001,"Little, Brown"



787,788,0743230051,He Sees You When You're Sleeping : A Novel,Mary Higgins Clark,2001,Scribner



788,789,0316693200,2nd Chance,James Patterson,2002,"Little, Brown"



789,790,0684868911,The Carousel : A Novel,Richard Paul Evans,2000,Simon & Schuster



790,791,0842336214,The Promise Remains,Travis Thrasher,2000,Tyndale House Publishers



791,792,0399148582,You Cannot Be Serious,John McEnroe,2002,Putnam Publishing Group



792,793,0684864320,LAKE NEWS : A Novel,Barbara Delinsky,1999,Simon & Schuster



793,794,0525944834,Liar's Game,Eric Jerome Dickey,2000,Dutton Books



794,795,0345428900,Out of the Blue,Sally Mandel,2000,Ballantine Books



795,796,0451176812,Voice of the Eagle,Linda Lay Shuler,1993,Signet Book



796,797,0671525794,The Kingdom by the Sea: A Journey Around Great Britain,Paul Theroux,1984,Pocket Books



797,798,0718144538,Shattered Uk,Dick Francis,0,Michael Joseph Ltd



798,799,0446602086,The Proud and the Free,Janet Dailey,1995,Warner Vision



799,800,0394551427,Shoah,Claude Lanzmann,1985,Random House Inc



800,801,0064407667,"The Bad Beginning (A Series of Unfortunate Events, Book 1)",Lemony Snicket,1999,HarperCollins



801,802,0007100221,TERROR FIRMA,Matthew Thomas,2001,Trafalgar Square



802,803,2253148539,Le Loup-garou,Boris Vian,1999,LGF



803,804,2253043974,Chronique d'une mort annoncÃ?ÃÂ©e,Gabriel Garcia Marquez,1987,LGF



804,805,2020315491,Le neveu d'AmÃ?ÃÂ©rique,Luis SepÃ?ÃÂºlveda,1998,Seuil



805,806,0747549923,Last Exit to Brooklyn,Hubert Selby,2000,Bloomsbury Pub Ltd



806,807,0743462335,More George W. Bushisms: More Verbal Contortions from America's 43rd President,Jacob Weisberg,2002,Simon & Schuster (Trade Division)



807,808,0140253580,Therapy,David Lodge,1996,Penguin Putnam~trade



808,809,0947782141,Scottish Ghosts,Judy Hamilton,1999,Lomond Books



809,810,057120354X,Awful End (Eddie Dickens Trilogy S.),Philip Ardagh,2000,Faber Children's Books



810,811,0349101779,The Wasp Factory,Iain Banks,0,Abacus



811,812,0743222229,George W. Bushisms : The Slate Book of The Accidental Wit and Wisdom of our 43rd President,Jacob Weisberg,2001,Fireside



812,813,185479549X,The World's Stupidest Laws,David Crombie,2000,Michael O'Mara Books



813,814,0140292918,"Of Mice and Men (Steinbeck \""Essentials\"")",John Steinbeck,2001,Penguin Books Ltd



814,815,1854795554,The World's Stupidest Signs,Michael O'Mara,2000,Michael O'Mara Books



815,816,1858813093,Nessie: The Loch Ness Monster,Richard Brassey,2003,Trafalgar Square Books



816,817,2871290911,"XIII, tome 13, L'enquÃ?ÃÂªte : the XIII mystery",Jean Van Hamme,1999,Dargaud



817,818,0198604025,How Not to Say What You Mean: A Dictionary of Euphemisms (Oxford Paperback Reference S.),R. W. Holder,2003,Oxford University Press



818,819,1842151053,Cooking for One (Cook's Essentials),Valerie Ferguson,2000,Southwater Publishing



819,820,2253063339,Les Fourmis,Bernard Werber,2002,LGF



820,821,1860198597,How to Draw Celtic Knotwork: A Practical Handbook,Andy Sloss,0,Brockhampton Press



821,822,0767908473,The Sorcerer's Companion: A Guide to the Magical World of Harry Potter,ALLAN ZOLA KRONZEK,2001,Broadway



822,823,1842040154,Celtic Myths and Legends,Charles L. Squire,2000,Lomond Books



823,824,0140622063,Scottish Folk and Fairy Tales (Penguin Popular Classics),Gordon Jarvie,1997,Penguin Books Ltd



824,825,0571209521,Terrible Times (Eddie Dickens Trilogy S.),Philip Ardagh,2002,Faber Children's Books



825,826,2264009306,CantilÃÂ¨nes en gelÃÂ©e ; Barnum's digest ; Vingt poÃÂ¨mes inÃÂ©dits (10/18 [i.e. Dix/dix-huit] ; 517),Boris Vian,1978,Union gÃÂ©nÃÂ©rale d'ÃÂ©ditions



826,827,1841952931,Glasgow Zen,Alan Spence,2002,Canongate Books Ltd



827,828,0890877564,Totally Muffins Cookbook (Totally Cookbooks),Helene Siegel,1995,Celestial Arts



828,829,1405200677,Tigger's Little Book of Diet and Exercise,E.H. Shepard,2002,Egmont Childrens Books



829,830,0416196772,Eeyore's Little Book of Gloom,Alan Alexander Milne,1999,Routledge



830,831,0747538069,The Adventures of Dougal,Eric Thompson,1998,Bloomsbury Publishing PLC



831,832,0375501347,Amy and Isabelle,Elizabeth Strout,1999,Random House Inc



832,833,0060927240,"Rule of the Bone : Novel, A",Russell Banks,1996,Perennial



833,834,0316776963,Me Talk Pretty One Day,David Sedaris,2001,Back Bay Books



834,835,156341029X,Stone Butch Blues,Leslie Feinberg,1993,Firebrand Books



835,836,0060934719,stardust,Neil Gaiman,2001,Perennial



836,837,1886383421,Fires of Aggar,Chris Anne Wolfe,2001,Windstorm Creative



837,838,1888451084,Kamikaze Lust,Lauren Sanders,2000,Akashic Books



838,839,0451450256,Gossamer Axe,Gael Baudino,1993,New Amer Library



839,840,1555835953,Witchfire,Lauren Maddison,2001,Alyson Books



840,841,0395877563,Seven Moves,Carol Anshaw,1997,Mariner Books



841,842,0962893862,Return to Isis,Jean Stewart,1992,Rising Tide Press (AZ)



842,843,1555834531,Hood,Emma Donoghue,1998,Alyson Publications



843,844,0393318435,Leaving Pipe Shop: Memories of Kin,Deborah McDowell,1998,W. W. Norton & Company



844,845,0889740828,Love Ruins Everything: A Novel,Karen X. Tulchinsky,1998,Press Gang Publishers



845,846,1563410443,"Skin: Talking About Sex, Class & Literature",Dorothy Allison,1994,Firebrand Books



846,847,1563899388,"Death: At Death's Door (Vertigo, Number 1)",Jill Thompson,2003,DC Comics



847,848,1563411148,The Second Coming of Curly Red,Jody Seay,1999,Firebrand Books



848,849,0553579681,Night Mares,Manda Scott,1999,Crimeline



849,850,0553579673,Hen's Teeth,Manda Scott,1999,Bantam Books



850,851,0451181379,The Door to December,Dean R. Koontz,1994,Signet Book



851,852,0786889160,"No Shirt, No Shoes, No Problem!",Jeff Foxworthy,1997,Warner Books (Mm)



852,853,0345370740,The Scions of Shannara (Heritage of Shannara (Paperback)),Terry Brooks,1993,Del Rey Books



853,854,0553574175,Star Wars the Rebel Dawn: The Han Solo Trilogy (Star Wars: Han Solo Trilogy (Paperback)),A.C. Crispin,1998,Spectra Books



854,855,0553574167,"The Hutt Gambit (Star Wars: The Han Solo Trilogy, Vol. 2)",A. C. Crispin,1998,Bantam Books



855,856,0553574159,"The Paradise Snare (Star Wars: The Han Solo Trilogy, Volume 1)",A. C. Crispin,1998,Spectra Books



856,857,0312287240,A Year of Full Moons,Madelyn Arnold,2002,Stonewall Inn Editions



857,858,0679801146,Alanna: The First Adventure (Song of the Lioness (Paperback)),Tamora Pierce,1989,Random House Children's Books



858,859,0446300101,"The Beans of Egypt, Maine",Carolyn Chute,1986,Warner Books



859,860,0821750410,Warrior Moon,Sara Orwig,1995,Zebra Books



860,861,0425142485,The Funhouse,Dean R. Koontz,1994,Berkley Publishing Group



861,862,0451456548,Cold Iron,Melisa Michaels,1997,Roc



862,863,0060006048,Circle of Three #12: Written in the Stars (Circle of Three),Isobel Bird,2001,Avon



863,864,0312906552,The Space Merchants,Frederik Pohl,1987,St Martins Pr



864,865,0440117291,DREAMSNAKE,VONDA MCINTYRE,1986,Dell



865,866,0425049981,Titan,John Varley,1980,Berkley Publishing Group



866,867,0374386676,The Year They Burned the Books,Nancy Garden,1999,Farrar Straus Giroux



867,868,0786886463,A Density of Souls,Christopher Rice,2001,Miramax



868,869,0345395379,Slow River,Nicola Griffith,1996,Ballantine Books



869,870,0380788497,Changer,Jane Lindskold,1998,Eos



870,871,0307215342,Trixie Belden and the Mystery Off Glen Road (Mystery Off Glen Road),Julie Campbell,1977,Random House Childrens Books



871,872,0374343381,Lark in the Morning,Nancy Garden,1991,Farrar Straus & Giroux



872,873,0345403339,Saving Grace,LEE SMITH,1996,Ballantine Books



873,874,0440226694,Lena (50 State Quarters),JACQUELINE WOODSON,2000,Laurel Leaf



874,875,0440219604,I Hadn't Meant to Tell You This,Jacqueline Woodson,1995,Laurel-Leaf Books



875,876,0767903285,Raise the Roof: The Inspiring Inside Story of the Tennessee Lady Vols' Undefeated 1997-98 Season,Pat Head Summitt,1998,Broadway Books



876,877,0345429176,"Ufos, JFK and Elvis: Conspiracies You Don't Have to Be Crazy to Believe",Richard Belzer,1999,Ballantine Books



877,878,038529929X,Hannibal,Thomas Harris,1999,Del Sol Press



878,879,1573229571,About a Boy (Movie Tie-In),Nick Hornby,2002,Riverhead Books



879,880,0345418778,Mostly Harmless,Douglas Adams,2000,Ballantine Books



880,881,0517201658,The Thorn Birds (Modern Classics),Colleen McCullough,1998,Wings



881,882,0743211383,Dreamcatcher,Stephen King,2001,Scribner



882,883,039914370X,Sudden Mischief (Spenser Mysteries (Hardcover)),Robert B. Parker,1998,Putnam Pub Group



883,884,1884777805,Elements of Programming With Perl,Andrew L. Johnson,1999,Manning Publications



884,885,0312977905,To Catch a Cat,Marian Babson,2002,St. Martin's Minotaur



885,886,0812521331,"People of the Wolf (The First North Americans series, Book 1)",W. Michael Gear,1992,Tor Books



886,887,0451205421,The Door to December,Dean R. Koontz,2002,Signet Book



887,888,0894342789,College Majors and Careers: A Resource Guide for Effective Life Planning (College Majors and Careers),Paul Phifer,1999,Ferguson Publishing Company



888,889,0440218535,Smilla's Sense of Snow,Peter Hoeg,1997,Island



889,890,0449207595,The Grass Is Always Greener over the Septic Tank,Erma Bombeck,1988,Fawcett Books



890,891,8806142267,Viaggi del tempo immobile (I coralli),Roberto Vecchioni,1996,Einaudi



891,892,0670844594,Rumpole on Trial,John Mortimer,1992,Penguin USA



892,893,039457513X,Billy Bathgate,E. L. Doctorow,1989,Random House



893,894,0394559487,Citizens: A Chronicle of the French Revolution,Simon Schama,1989,Random House Inc



894,895,0804001944,The Man Who Killed the Deer,Frank Waters,1970,Ohio University Press



895,896,0590897985,The Music of Dolphins (Apple Signature Edition),Karen Hesse,1998,Hyperion Books for Children



896,897,0689832877,Sunwing (Aladdin Fantasy),Kenneth Oppel,2001,Aladdin



897,898,0689829698,Caddie Woodlawn - Newbery Promo '99 (Aladdin Fiction),Carol Ryrie Brink,1999,Aladdin



898,899,0439042917,The Hork-Bajir Chronicles (Animorphs Series),K. A. Applegate,1998,Scholastic



899,900,0064409457,The Silver Chair (full color) (Narnia),C. S. Lewis,2000,HarperTrophy



900,901,0064405052,The Magician's Nephew (Narnia),C. S. Lewis,1994,HarperTrophy



901,902,043922165X,"Circles in the Stream (Avalon: Web of Magic, 1)",Shelly R. Roberts,2001,Scholastic



902,903,0152162445,High Wizardry: The Third Book in the Young Wizards Series,Diane Duane,2001,Magic Carpet Books



903,904,0152162577,Deep Wizardry: The Second Book in the Young Wizards Series,Diane Duane,2001,Magic Carpet Books



904,905,015216250X,So You Want to Be a Wizard: The First Book in the Young Wizards Series,Diane Duane,2001,Magic Carpet Books



905,906,1562477528,Going for Great (Ag Fiction (American Girl)),Carolee Brockmann,1999,Pleasant Company Publications



906,907,0439221676,"All That Glitters (Avalon, 2)",Rachel Roberts,2001,Scholastic



907,908,0439221684,"Cry of the Wolf (Avalon, 3)",Rachel Roberts,2001,Scholastic



908,909,0439221714,"The Secret of the Unicorn (Avalon Web of Magic, 4)",Rachel Roberts,2000,Scholastic Paperbacks



909,910,0439221706,Avalon: Web Of Magic #5: Spellsinger,Rachel Roberts,2002,Scholastic Paperbacks



910,911,0439221730,Trial by Fire,Rachel Roberts,2002,Scholastic Paperbacks



911,912,0440415993,"Ties That Bind, Ties That Break (Laurel-Leaf Books)",Lensey Namioka,2000,Laurel-Leaf Books



912,913,0895872102,"The Hauntings of Williamsburg, Yorktown, and Jamestown",Jackie Eileen Behrend,1998,John F. Blair Publisher



913,914,068983585X,The Janitor's Boy,Andrew Clements,2001,Aladdin



914,915,0345391802,The Hitchhiker's Guide to the Galaxy,Douglas Adams,1995,Ballantine Books



915,916,0440219078,The Giver (21st Century Reference),LOIS LOWRY,1994,Laure Leaf



916,917,185424597X,The Heavenly Man: The Remarkable True Story of Chinese Christian Brother Yun,Paul Hattaway,2003,Monarch Books



917,918,2080105434,The Little Book of Chocolate (Little Book Of...(Flammarion)),Alain Stella,2001,Flammarion



918,919,349913358X,Das Schlampenbuch. ErzÃ?ÃÂ¤hlungen. ( neue frau).,Milena Moser,1993,Rowohlt Tb.



919,920,3257201761,Die zwei Gesichter des Januars.,Patricia Highsmith,1974,Diogenes Verlag



920,921,3404121686,Nacht Ã?ÃÂ¼ber den Wassern.,Ken Follett,1994,LÃ?ÃÂ¼bbe



921,922,3404118960,Die SÃ?ÃÂ¤ulen der Erde. Roman.,Ken Follett,1992,LÃ?ÃÂ¼bbe



922,923,0345356578,A Man Rides Through (Man Rides Through),Stephen Donaldson,1990,Del Rey Books



923,924,0345346971,Mirror of Her Dreams (Mordant's Need),STEPHEN R. DONALDSON,1987,Del Rey



924,925,0753804700,Reader,Bernhard Schlink,0,Phoenix Books



925,926,0451155750,The Dead Zone,Stephen King,2004,Signet Book



926,927,0786890436,The Diary of Ellen Rimbauer: My Life at Rose Red,Ellen Rimbauer,2002,Hyperion Press



927,928,0415928087,A New Germany in a New Europe,Todd Herzog,2000,Routledge



928,929,0521427150,"Belonging in the Two Berlins : Kin, State, Nation (Cambridge Studies in Social and Cultural Anthropology)",John Borneman,1992,Cambridge University Press



929,930,0812923278,The Great Depression : America 1929-1941,ROBERT S. MCELVAINE,1993,Three Rivers Press



930,931,0884111342,Lady of the Shroud,Bram Stoker,1989,Amereon Limited



931,932,0345428544,"Dark Tide I: Onslaught (Star Wars: The New Jedi Order, Book 2)",Michael A. Stackpole,2000,Del Rey Books



932,933,0671694049,LONG DARK TEA TIME OF THE SOUL,Douglas Adams,1990,Pocket



933,934,080901582X,The Return of Simple,Langston Hughes,1995,Hill & Wang



934,935,0449006557,Half Moon Street (Charlotte & Thomas Pitt Novels (Paperback)),Anne Perry,2001,Ballantine Books



935,936,0373250339,A Minor Indiscretion (Red Dress Ink (Paperback)),Carol Matthews,2003,Red Dress Ink



936,937,0380820447,"For Better, for Worse: A Novel",Carole Matthews,2002,Avon Trade



937,938,0385497679,Hidden in Plain View: A Secret Story of Quilts and the Underground Railroad,Jacqueline L. Tobin,2000,Anchor Pub



938,939,0451454243,The Forest House,Marion Zimmer Bradley,1995,Roc



939,940,0941423042,American Poetry Since 1970: Up Late,Andrei Codrescu,1988,Four Walls Eight Windows



940,941,0373871562,Twin Blessings (Love Inspired (Numbered)),Carolyne Aarsen,2001,Steeple Hill



941,942,0553101439,West of Dodge: Frontier Stories,Louis L'Amour,1996,Bantam



942,943,0898151910,"How to Make $1,000 a Minute: Negotiating Salaries and Raises",Jack Chapman,1987,Ten Speed Pr



943,944,0835949362,Non-manipulative selling,Anthony J Alessandra,1981,Reston Pub. Co



944,945,0880701102,Come Before Winter and Share My Hope,Charles R. Swindoll,1985,Word Publishing



945,946,039914563X,The Bear and the Dragon,Tom Clancy,2000,G. P. Putnam's Sons



946,947,0312853238,Ender's Game (Ender Wiggins Saga (Paperback)),Orson Scott Card,1992,Tor Books



947,948,0688048730,Thinking on paper,V. A Howard,1986,W. Morrow



948,949,0425161722,Net Force,Tom Clancy,1999,Berkley Publishing Group



949,950,0385493800,The Testament,John Grisham,1999,Doubleday Books



950,951,0849916399,The Internet Church,Walter P. Wilson,2000,W Publishing Group



951,952,1928791107,The Mp3 and Internet Audio Handbook: Your Guide to the Digital Music Revolution,Bruce Fries,2000,Teamcom Books



952,953,067175145X,The Way Things Ought to Be,"Rush H., III Limbaugh",1992,Pocket Books



953,954,0440211727,A Time to Kill,JOHN GRISHAM,1992,Dell



954,955,0877192820,The Truth About Texas: Who Needs to Brag? We'Ve Got the Facts,Anne Dingus,1995,Gulf Publishing Company



955,956,0380002450,Awakening,Kate Chopin,1982,Avon



956,957,0793133955,Wall Street's Picks for 2000: An Insider's Guide to the Year's Best Stocks & Mutual Funds (Wall Street's Picks),Kirk Kazanjian,1999,Dearborn Financial Publishing



957,958,0394178017,Poetics of the New American Poetry,Donald Merriam Allen,1974,Grove Press



958,959,0425134350,Patriot Games,Tom Clancy,1992,Berkley Publishing Group



959,960,0385479689,Dead Men Do Tell Tales: The Strange and Fascinating Cases of a Forensic Anthropologist,William Maples,1995,Main Street Books



960,961,0380754851,Moonlighting: 148 Great Ways to Make Money on the Side,Carl Hausman,1991,Harpercollins



961,962,0380538504,Amanda Miranda,Richard Peck,1981,Harper Mass Market Paperbacks (Mm)



962,963,044661162X,Chasing the Dime,Michael Connelly,2003,Warner Books



963,964,0671742566,Tender Triumph (Sonnet Books),Judith McNaught,1991,Pocket



964,965,0515122408,The Cat Who Tailed a Thief,Lilian Jackson Braun,1998,Jove Books



965,966,0440222818,Guilt,John T. Lescroart,1998,Island



966,967,0451204050,On Secret Service,John Jakes,2001,Signet Book



967,968,038533334X,Charming Billy,Alice McDermott,1999,Delta



968,969,0449131548,All the Days of My Life,Hilary Bailey,1986,Fawcett Books



969,970,0440120470,The Dinner Party,Howard Fast,1991,Dell Publishing Company



970,971,0451188209,A Palette for Murder: Murder She Wrote (Murder She Wrote (Paperback)),Jessica Fletcher,1996,Signet Book



971,972,0440130913,Golden Cup,Belva Plain,1987,Dell



972,973,0449001954,Murder at the Library of Congress (Capital Crimes (Paperback)),Margaret Truman,2001,Fawcett Books



973,974,0345404777,No Safe Place,RICHARD NORTH PATTERSON,1999,Ballantine Books



974,975,0451185277,Thorns of Truth,Eileen Goudge,1999,Signet Book



975,976,0440224829,Granny Dan,DANIELLE STEEL,2000,"Random House, Inc."



976,977,0671779338,Border Bride,Arnette Lamb,1993,Pocket



977,978,0515134368,The Penwyth Curse,Catherine Coulter,2004,Jove Books



978,979,0380759497,Xanth 15: The Color of Her Panties,Piers Anthony,1992,Eos



979,980,3442098424,Der FÃ?ÃÂ¼rst der Finsternis. Roman.,Anne Rice,1992,Goldmann



980,981,0394578791,A Reporter's Life,WALTER CRONKITE,1996,Knopf



981,982,1558505377,Jacob Marley's Christmas Carol,Tom Mula,1995,Adams Media Corp



982,983,0373245696,"Practice Makes Pregnant   Manhattan Multiples (Silhouette Special Edition, 1569)",Lois Faye Dyer,2003,Silhouette



983,984,0743201078,"The Secret Lives of Girls: What Good Girls Really Do--Sex Play, Aggression, and Their Guilt",Sharon Lamb,2002,Free Press



984,985,068983571X,Hound of the Baskervilles (Aladdin Classics),Sir Arthur Conan Doyle,2000,Aladdin



985,986,0553256785,SLEEPING MURDER,AGATHA CHRISTIE,1983,Bantam



986,987,0892967994,The Fractal Murders (Pepper Keane Mysteries),Mark Cohen,2004,Mysterious Press



987,988,0061064505,"Blowtorch Psycho.Com (Bone Chillers, No 18)",Sherry Shahan,1997,Harpercollins Juvenile Books



988,989,1551668785,Final Stand,Helen Myers,2002,Mira



989,990,0836230868,Christmas : A Holiday Treasury,Della Rowland,1994,Andrews McMeel Publishing



990,991,0381999866,Magic House of Numbers.,Irving. Adler,1974,Harpercollins Library



991,992,0380817144,Lord of the Silent: A Novel of Suspense,Elizabeth Peters,2002,Avon



992,993,0380752115,Whisper to Me of Love,Shirlee Busbee,1991,Harper Mass Market Paperbacks



993,994,0553212583,Wuthering Heights,EMILY BRONTE,1983,Bantam



994,995,0446364762,The Stars Shine Down,Sidney Sheldon,1993,Warner Books



995,996,0425166619,Toxin,Robin Cook,1999,Berkley Publishing Group



996,997,061312975X,This Present Darkness,Frank E. Peretti,1999,Sagebrush Bound



997,998,0765341972,The Mothman Prophecies,John A. Keel,2002,Tor Books



998,999,0590514776,Meet the Stars of Buffy the Vampire Slayer,Stefanie Scott,1998,Scholastic



999,1000,0373037430,Rush to the Altar  (Twin Brides),Rebecca Winters,2003,Harlequin
1001,1001,9780007237500,Madhubala,sudhanshu,sumit
1002,1002,9780007237908,Naurto Nari Nen,SangSui,dgfgf
